Data Science MSc	University of Chester	University of Chester	Full time & Part time	"A conversion Master’s degree in Data Science, to enable students to make the leap to the fast-growing area of data science.
             

              Course overview
             

              The Data Science Master’s degree is aimed at people who have a technical, mathematical, or engineering background who want to develop their skills into the field of data science. Students who have worked in one of these areas but do not process a degree in the area are welcome to apply.
             

              Why study this course with us?
             

              The Data Science course is within the Department of Computer Science, who are a forward-thinking innovative department.
             

              We work with employers to tailor the course to real-world needs, giving students an in-depth knowledge in the area."	October	Please see the university website for further information on fees for this course.	MSc	1 year full-time, or 2 years part-time	Chester	United Kingdom	United Kingdom	https://www.findamasters.com/masters-degrees/course/data-science-msc/?i292d1884c67154
