Data Science (Online) - MSc	University of Bristol	University of Bristol	Part time	"If you want to improve the world through the responsible use of data, the MSc in Data Science will give you the skills to do so. You will learn how to understand, in depth, the computational and statistical principles of modern data science and be skilled at the rigorous and ethical application of these techniques to real-world challenges.
             

              Whether you have a background in numerate sciences, engineering, or computer science, the programme will provide you with the skills to succeed in this exciting and fast-moving discipline and will equip you with excellent employment prospects to pursue roles in industry as either a data scientist or data engineer as well as for research and development roles.
             

              This MSc aims to:"	September	Please see the university website for further information on fees for this course.	MSc	2-3 Years Part Time	Bristol	United Kingdom	Online	https://www.findamasters.com/masters-degrees/course/data-science-online-msc/?i287d6200c70176
