Creative Technology and Design - Master of Science (MS)	University of Colorado Boulder	University of Colorado Boulder	Full time	"Administered by the ATLAS Institute, graduate programs in creative technology and design are highly interdisciplinary, nurturing robust technical and design skills while giving students the maximum flexibility to explore and develop their creative visions.
              


              ATLAS faculty interests are broad, including areas such as e-textiles, human-robot interaction, game design and engineering at the molecular level. Graduate students hail from a wide range of academic disciplines, including computer science, engineering, art, the humanities, the natural sciences, music and design."	See Course	Please see the university website for further information on fees for this course.	MSc	Please view website	Boulder	USA	On Campus	https://www.findamasters.com/masters-degrees/course/creative-technology-and-design-master-of-science-ms/?i512d8310c59198
