Biomedicine	University of Reading	University of Reading	Full time	"Apply for this programme
              


              Our MSc by Research Biomedicine is an exciting course and will provide you with broad research training to prepare for a career in biomedical research.
             

              This course is also suitable in preparation for subsequent PhD studies and for students planning a research career in industry or academia.
             

              You will spend your first term undertaking a number of taught modules to prepare you for your research project. This includes a research skills module in which you will gain hands-on training in advanced techniques such as confocal microscopy, flow cytometry, cloning, in situ hybridisation and bioinformatics."	September	New UK/Republic of Ireland students: £12,550 New international students: £26,950	"MSc
            
            ,
            
             Research Only"	1 year full time	Reading	United Kingdom	On Campus	https://www.findamasters.com/masters-degrees/course/biomedicine/?i345d726c29171
