Consumer Behaviour	University of Reading	University of Reading	Full time & Part time	"Apply for this programme
              


              Become an expert in consumer behaviour with this career-focused MSc Consumer Behaviour master’s degree.
             

              This programme will guide you to the forefront of consumer-centred business philosophy and prepare you to lead in an ever-competitive and complex world. Whether you work for a global organisation, SME or non-profit organisation, we aim to provide you with an experience that will encourage new and innovative understanding of the consumer-led markets that organisations work in."	September	New UK/Republic of Ireland students: £10,800 New international students: £22,350	MSc	1 year full time, 2 years part time	Reading	United Kingdom	On Campus	https://www.findamasters.com/masters-degrees/course/consumer-behaviour/?i345d711c54054
