Data Science for Global Agriculture, Food and Environment	Harper Adams University	Harper Adams University	Full time & Part time	"Register Your Interest
               



              There is a huge skills gap in the UK workforce when it comes to data science and artificial intelligence. The Government’s Digital Skills strategy estimates that within the next 20 years, 90 per cent of all jobs will require some element of digital skills, with data science pinpointed as a priority area."	See Course	Please see the university website for further information on fees for this course.	"PGCert
            
            ,
            
             PGDip
            
            ,
            
             MSc"	1 year (full-time) or 2 to 3years (part-time)	Newport	United Kingdom	On Campus	https://www.findamasters.com/masters-degrees/course/data-science-for-global-agriculture-food-and-environment/?i104d4452c60055
