Biotechnology & Management - MSc/PGDip	University of Glasgow	University of Glasgow	Full time	Bridging the gap between biology, technology and business management, our programme is taught in collaboration with the Adam Smith Business School. The aim of this programme is help you gain sound understanding of the nature of business based on bioscience knowledge, research and industry and how all are applied to solve real-world	September	Please see the university website for further information on fees for this course.	"MSc
            
            ,
            
             PGDip"	9-12 months full-time	Glasgow	United Kingdom	On Campus	https://www.findamasters.com/masters-degrees/course/biotechnology-and-management-msc-pgdip/?i307d7918c39070
