Data Science and Statistics (Health) (MSc)	University of Bath	University of Bath	Full time	"Develop a strong mathematical foundation in data science and statistics together with specialist knowledge for a career in the global healthcare industry.
              


              Data science, statistics and machine learning are revolutionising healthcare. These methodologies are improving our understanding of disease cause and progression, influencing clinical and governmental decision-making, and rapidly becoming vital components of the modern healthcare system."	September	Please see the university website for further information on fees for this course.	MSc	1 year full-time; 2 years full-time including professional placement	Bath	United Kingdom	On Campus	https://www.findamasters.com/masters-degrees/course/data-science-and-statistics-health-msc/?i280d1701c69387
