Data Science and Machine Learning MSc	University College London	University College London	Full time	"Register your interest in graduate study at UCL
               



              The Data Science and Machine Learning MSc at UCL brings together computational and statistical skills and machine learning for data-driven problem solving. This rapidly expanding area includes deep learning, large-scale data analysis and has applications in e-commerce, search/information retrieval, natural language modelling, finance, bioinformatics and related areas in artificial intelligence.
             

              About this degree
             

              As a student on the Data Science and Machine Learning MSc, you will develop an understanding of core machine learning methodologies and statistical science, combined with a set of more specialised and advanced topics covering computing and statistical modelling."	September	Full time - £18,000	MSc	1 year full time	London	United Kingdom	On Campus	https://www.findamasters.com/masters-degrees/course/data-science-and-machine-learning-msc/?i274d1838c51120
