Crop Production (Agriculture) MSc	Writtle University College	Writtle University College	Full time & Part time	"Agriculture courses
              
              at Writtle University College equip our students with the skills and knowledge necessary for rewarding careers in the agricultural sector and related industries. You will be taught by well-qualified and conscientious staff who have a wealth of knowledge and experience.
             


               Courses
              
              make extensive use of our estate of approximately 200 hectares which includes a University College Farm as well as a variety of exciting off-site study opportunities."	September	Please see the university website for further information on fees for this course.	MSc	1 year full-time, 2-3 years part-time	Chelmsford	United Kingdom	On Campus	https://www.findamasters.com/masters-degrees/course/crop-production-agriculture-msc/?i389d4350c51529
