Counselling Studies MSc	University of Edinburgh	University of Edinburgh	Full time & Part time	"Programme description
              


              The programme provides advanced academic study of counselling and psychotherapeutic practices and theories. It introduces students to non-directive, relational approaches, particularly within the psychodynamic and person-centred frameworks. Its aim is to connect theoretical learning with real-world issues and encourage critical reflection on counselling practice and theory in both professional and personal contexts."	September	Tuition fees vary between degree programmes. Find the specific fees for your chosen programme on our website.	MSc	1 year full-time or 2-3 years part-time	Edinburgh	United Kingdom	On Campus	https://www.findamasters.com/masters-degrees/course/counselling-studies-msc/?i300d5068c12259
