Biomedical Surface Science	Malmö University	Malmö University	Full time	The programme creates a platform for understanding the involvement of surface science in biomedicine and biotechnology. You will get theoretical knowledge and practical skills in the areas of biomedical activities which require expertise beyond traditional disciplines of biomedicine, chemistry or biology.	August	340000SEK	"MSc
            
            ,
            
             Other"	Full-time: 2 years	Malmo	Sweden	On Campus	https://www.findamasters.com/masters-degrees/course/biomedical-surface-science/?i1421d7527c45360
