Data Science for Biology MSc	University of Edinburgh	University of Edinburgh	Full time	"Programme description
             

              Biological Science is being transformed by a range of high-throughput technologies that generate vast amounts of data. These technologies include high-throughput genomic sequencing, imaging, screening and proteomics.
             

              The result of this is that skills that equip scientists and researchers with the expertise to extract biological meaning from this data are in high demand."	September	Tuition fees vary between degree programmes. Find the specific fees for your chosen programme on our website.	MSc	1 year full-time	Edinburgh	United Kingdom	On Campus	https://www.findamasters.com/masters-degrees/course/data-science-for-biology-msc/?i300d4443c70832
