Design for Kids & Toys  (Specializing Master in e-learning)	POLI.design, Società consortile a responsabilità limitata	POLI.design, Società consortile a responsabilità limitata	Full time	"The Specializing Master, in e-learning mode, aims to train a new generation of project professionals in terms of content and method, so that they are able to manage complex design processes in the world of products and services for children.
             

              The purpose is to provide methods and tools to coordinate very different skills and to move safely among tangible constraints, such as security and regulation, and abstract objectives such as cultural, cognitive, pedagogical, playful and ethical ones."	March	€10.500	"MA
            
            ,
            
             MSc"	13 months	Milan	Italy	Online	https://www.findamasters.com/masters-degrees/course/design-for-kids-and-toys-specializing-master-in-e-learning/?i191d5016c55817
