Biomedical Sciences - Clinical Biochemistry MSc	University of Westminster	University of Westminster	Full time & Part time	"Our Biomedical Sciences (Clinical Biochemistry) MSc is designed to provide you with the theoretical and practical skills and knowledge that will enable you to make important contributions in the field of clinical biochemistry. Studying our course, you'll enhance your knowledge of clinical biochemistry, engage with contemporary issues and debates within the discipline, and develop your critical and analytical skills.
              


              The MSc contains specific modules in clinical biochemistry, such as endocrinology and metabolism and diagnostic clinical biochemistry, which you can apply to diagnostic biomedicine. You'll also have a choice of option modules related to molecular diagnostics or haematology."	September	Please see the university website for further information on fees for this course.	MSc	Full-time: 1 year; Part-time: 2-5 years	London	United Kingdom	On Campus	https://www.findamasters.com/masters-degrees/course/biomedical-sciences-clinical-biochemistry-msc/?i371d178c7246
