Data Science and Analytics - MSc	Cardiff University	Cardiff University	Full time & Part time	"Why study this course
             


               Acquire a range of in-demand skills for extracting and handling ‘big data’ and develop your practical skills through exposure to real-world problems and datasets.
              


              This course will equip students with a theoretical understanding and practical experience of applying methods drawn from data science and analytics. You will develop a range of in-demand skills for extracting and handling ‘big data’ and applying modelling tools to help businesses and government organisations make better decisions.
             

              On completion of the course, you will be well placed to progress into a variety of roles in data-intensive industries or a related research career."	September	For programme fees please visit our website: Full time - Please see the university website for further information on fees for this course. Part time - Please see the university website for further information on fees for this course.	MSc	1 year full time, 3 years part time	Cardiff	United Kingdom	On Campus	https://www.findamasters.com/masters-degrees/course/data-science-and-analytics-msc/?i33d4091c43740
