Dementia Studies - MSc	Bangor University	Bangor University	Full time & Part time	"Students on the MSc Dementia studies will benefit from studying in a School of Healthcare Sciences that is highly ranked for its research in general and in particular for its research into people living with Dementia. This research is focused in the
              

                Dementia Services Development Centre (DSDC)
               


               and throughout the course students will be exposed to practical and theoretical innovations, many of which originated in the DSDC
              
              at Bangor."	September	Please see the university website for further information on fees for this course.	MSc	1 year full time, 3 years part time	Bangor	United Kingdom	On Campus	https://www.findamasters.com/masters-degrees/course/dementia-studies-msc/?i13d8008c49694
