Cybersecurity (Conversion) MSc	University of Chester	University of Chester	Full time & Part time	"Our Cybersecurity (Conversion) Master’s degree is aimed at both engineering and non-engineering students who wish to make the leap into the rapidly expanding field of cybersecurity.
             

              Course overview
             

              Our Cybersecurity (Conversion) Master’s degree is aimed at both engineering and non-engineering students who wish to make the leap into the rapidly expanding field of cybersecurity. The course aims to provide both theory and real-world practical skills and expertise to an advanced level in the emerging field of cybersecurity.
             

              Why study this course with us?
             

              The Cybersecurity Facility is part of the Department of Computer Science, which was established in 1985 and is an innovative, forward-thinking Department."	See Course	Please see the university website for further information on fees for this course.	MSc	1 year full-time; 2-6 years part-time	Chester	United Kingdom	On Campus	https://www.findamasters.com/masters-degrees/course/cybersecurity-conversion-msc/?i292d1884c36390
