Medical Education - MSc/PGDip/PGCert	University of Central Lancashire	University of Central Lancashire	Full time & Part time	"Will you inspire and train the medics and healthcare professionals of the future? Our MSc in Medical Education introduces the principles of teaching, learning and assessing others. Modules can be studied through blended learning (some face to face sessions and synchronous online teaching) or wholly distance learning (self-directed with tutorial support).
             


               This programme is also available to study as an online distance learning course, giving you a flexible route to study your degree.
              


              Designed for doctors and other healthcare professionals who are responsible for teaching, assessing and supporting students and trainees, both in educational institutions and in the workplace, the course will enhance your confidence and skills in medical education."	September, January	Please see the university website for further information on fees for this course.	"MSc
            
            ,
            
             PGDip
            
            ,
            
             PGCert"	1 year full-time, 2-3 years part-time	Preston	United Kingdom	On Campus	https://www.findamasters.com/masters-degrees/course/medical-education-msc-pgdip-pgcert/?i291d7393c56285
