Data Science, Technology and Innovation (Online Learning) (MSc/PgDip/PgCert/PgProfDev)	University of Edinburgh	University of Edinburgh	Part time	"Programme Description
             

              Demand is growing for high value data specialists across the sciences, medicine, arts and humanities. The aim of this unique, modular, online distance learning programme is to enhance existing career paths with an additional dimension in data science.
             

              The programme is designed to fully equip tomorrow’s data professionals, offering different entry points into the world of data science – across the sciences, medicine, arts and humanities.
             

              Students will develop a strong knowledge foundation of specific disciplines as well as direction in technology, concentrating on the practical application of data research in the real world."	See Course	Tuition fees vary between degree programmes. Find the specific fees for your chosen programme on our website.	"Other
            
            ,
            
             MSc
            
            ,
            
             PGCert
            
            ,
            
             PGDip"	1-6 years part time	Edinburgh	United Kingdom	Online	https://www.findamasters.com/masters-degrees/course/data-science-technology-and-innovation-online-learning-msc-pgdip-pgcert-pgprofdev/?i300d1317c50782
