Data Analytics MSc	University of Huddersfield	University of Huddersfield	Full time	"Our Master's course is designed to meet the demand for a new kind of IT specialist with the skills and knowledge in data science.
             

              With data science lauded as the answer to the COVID-19 recovery, organisations are planning to significantly increase their data science headcount this year. This is according to the latest research from Le Wagon, an educational leader in data science bootcamps.
             

              In order to address these demands, given the large amount of data collected by all kinds of organisations, the course aims to equip you with an understanding of:"	September, January	Band 2 UK fees : Please see the university website for further information on fees for this course. International fees : Please see the university website for further information on fees for this course.	MSc	1 year full-time	Huddersfield	United Kingdom	On Campus	https://www.findamasters.com/masters-degrees/course/data-analytics-msc/?i314d1148c55369
