Bioscience - MSc	University of Leeds	University of Leeds	Full time	"Customise your study to your interests in the Biosciences
             


               This course will equip you with the expertise necessary to work at the forefront of modern bioscience. The knowledge and skills gained are applicable to fields as diverse as health, renewables, food, and agriculture. You are needed as there is currently a highly noticeable shortage of qualified STEM graduates in the bioeconomy, despite rapid growth in the"	September	UK: £13,500 (Total) International: £31,000 (Total)	MSc	1 year full time	Leeds	United Kingdom	On Campus	https://www.findamasters.com/masters-degrees/course/bioscience-msc/?i321d8432c824
