Demography and Social Inequality - Double Masters	University of Cologne	University of Cologne	Full time	"The Double Master's Programme in Demography and Social Inequality gives students the opportunity to benefit from the expertise of two top-ranking universities. Participants on the programme spend one year studying at each university and graduate with two master's degrees: a Master of Science in Sociology and Social Research awarded by the
              
               University of Cologne
              
              and a Master of Science in Population Studies awarded by the
              
               University of Groningen
              
              in the Netherlands."	October	At the University of Cologne there are no tuition fees, just a biannual social contribution fee of slightly more than 300 euros, which includes the semester ticket for public transport throughout North Rhine-Westphalia. Invest in an excellent education and your future without paying a fortune.	"MSc
            
            ,
            
             Other"	2 years full time	Cologne	Germany	On Campus	https://www.findamasters.com/masters-degrees/course/demography-and-social-inequality-double-masters/?i730d6763c52351
