Creative Technology MA/MSc	Middlesex University	Middlesex University	Full time	Imaginative, original and full of ideas, Creative Technology combines technical and creative skills to create the technologies of the future. At Middlesex, you'll have the opportunity to learn through doing, experimenting with different types of technology to design and build your own inventions.	October	UK students MA Full-time students: £10,500 Part-time students: £77 MSc Full-time students: £10,500 Part-time students: £70 per credit Part-time students: £35 per dissertation credit	"MSc
            
            ,
            
             MA"	1 year full-time	London	United Kingdom	On Campus	https://www.findamasters.com/masters-degrees/course/creative-technology-ma-msc/?i166d3766c60900
