Data Visualisation	The New School	The New School	Full time & Part time	"Parsons’
              

                Master of Science in Data Visualization
               

              is a multidisciplinary program in which students develop skills bringing together visual design, computer science, statistical analysis, and ethical considerations of data analysis and representation. The presentation of data plays a critical role in the shaping of opinion, policy, and decision making in today’s increasingly global society. Giving students a competitive edge as they enter the field, the MS program responds to the increased demand for experts who can turn data into insight."	September	Please see the university website for further information on fees for this course.	MSc	1 year	New York	USA	On Campus	https://www.findamasters.com/masters-degrees/course/data-visualisation/?i1980d7841c51481
