Construction Project Management MSc	University of Westminster	University of Westminster	Full time & Part time	"Despite turbulence in the global economy, the construction industry continues to grow with revenue expected to reach US$15 trillion by 2025. Specialist project managers are in high demand to help negotiate projects through the inevitable hurdles that can arise due to a host of issues ranging from time constraints and safety and workforce considerations to legal issues, government regulations and environmental concerns.
              


              Fully accredited by the Royal Institution of Chartered Surveyors (RICS) and the Chartered Institute of Building (CIOB), this course will be of interest if you are a graduate in or with previous construction-related employment and if you are seeking a senior project management position within the industry."	September, January	Please see the university website for further information on fees for this course.	MSc	Full-time: 1 year; Part-time: 2 years	London	United Kingdom	On Campus	https://www.findamasters.com/masters-degrees/course/construction-project-management-msc/?i371d8441c14581
