Design for Food (Specializing Master)	POLI.design, Società consortile a responsabilità limitata	POLI.design, Società consortile a responsabilità limitata	Full time	"The Specializing Master DESIGN FOR FOOD integrates extensive design skills with thematic and specific competences in the food area, related to humanities, gastronomic sciences, engineering and food technology.
             

              It therefore provides a wide-ranging designing capacity on process and tools for the design of the food product-service system and a series of specific thematic in-depth useful for the understanding of culture, sociological and anthropological factors and also scientific and technological.
             

              As a whole, it provides an explanatory and comprehensive overview of food systems, from agricultural production to food processing, from distribution to consumption, from planning to recycling in a circular economy perspective."	October	€16.500	"MSc
            
            ,
            
             MA"	13 months	Milan	Italy	On Campus	https://www.findamasters.com/masters-degrees/course/design-for-food-specializing-master/?i191d5016c60547
