Design for Architecture (Specializing Master)	POLI.design, Società consortile a responsabilità limitata	POLI.design, Società consortile a responsabilità limitata	Full time	"Future designers, architects and engineers will face the great challenges of the ever-changing design and building sector at local and global level, in terms of competition, development and modernization.
             

              They shall be able to develop new ideas in the field of real estate, by designing solutions that embed advanced building components and display innovative layout designs. In particular, the field of interest concernes temporary buildings and events, reconversion of buildings and building components design.
             

              In this perspective, the
              
               Specializing Master in Design for Architecture
              
              aims to:"	November	€12,000	"MA
            
            ,
            
             MSc"	15 months	Milan	Italy	On Campus	https://www.findamasters.com/masters-degrees/course/design-for-architecture-specializing-master/?i191d5016c9197
