Culture and Conflict in a Global Europe MSc	London School of Economics and Political Science	London School of Economics and Political Science	Full time & Part time	"Ask LSE
              


              The MSc Culture and Conflict in a Global Europe programme is perfect for MSc students looking to gain a deeper understanding of how culture and identity inform contemporary politics and violent conflicts in Europe and beyond.
             

              Our programme takes a multi- and inter-disciplinary approach, using methods of investigation from political theory, philosophy, international relations, political science, sociology and economics. You'll engage with these topics by studying the politics of culture and the culture of politics, analysing how culture structures internal and external conflicts and frames efforts at their resolution."	September	Please see the university website for further information on fees for this course.	MSc	12 months full-time, 24 months part-time	London	United Kingdom	On Campus	https://www.findamasters.com/masters-degrees/course/culture-and-conflict-in-a-global-europe-msc/?i150d2841c45063
