Construction Project Management (Distance Learning) - MSc	University of the West of England, Bristol	University of the West of England, Bristol	Full time & Part time	"A level of management expertise is critical to landing a leading role in construction. Our distance learning MSc Construction Project Management is ideal if you wish to develop your understanding and skills in managing projects for construction professionals in either practice or client organisations.
             

              With a distance learning course, you have the flexibility to fit your studies around personal and professional commitments, with access to our learning resources any time and from anywhere in the world. Studying while you work also provides valuable opportunities to apply what you have learned directly to your role.
             

              We use the latest online learning technology to make your distance learning experience as effective and rewarding as our traditionally taught courses."	September, January	Full time Home Award Fee £9000 Home Module Fee (15 Credit) £750 Part time Home Module Fee (15 Credit) £750 Offshore Module Fee (15 Credit) £1188	MSc	1 year full time, 2 years part time	Bristol	United Kingdom	Online	https://www.findamasters.com/masters-degrees/course/construction-project-management-distance-learning-msc/?i359d4468c68500
