Consumer Analytics and Marketing Strategy - MSc	University of Leeds	University of Leeds	Full time	"The digital revolution has led to an unprecedented volume of information about consumers, which progressive organisations are eager to understand and use. This innovative Masters degree will give you the practical skills to analyse consumer data and provide insights for successful marketing strategies.
              


              Taught by leading academics from
              
               Leeds University Business School
              
              and the
              
               School of Geography
              
              , you’ll explore a range of analytical techniques including applied Geographic Information Systems (GIS) and retail modelling, consumer and predictive analytics, and data visualisation. You’ll also develop the skills to use analytic data to inform decisions about marketing strategy."	September	UK: £15,750 (Total) International: £30,250 (Total)	MSc	1 year full time	Leeds	United Kingdom	On Campus	https://www.findamasters.com/masters-degrees/course/consumer-analytics-and-marketing-strategy-msc/?i321d3232c39961
