Cyber Security (PgCert/PgDip/MSc)	Robert Gordon University	Robert Gordon University	Full time & Part time	"The MSc Cyber Security degree is certified by the National Cyber Security Centre and will equip you for an exciting career in this fast-paced and ever-changing field. You’ll learn how to design and maintain secure information systems and networks, and you will gain the knowledge and skills to prevent, protect and minimise cyber security threats and incidents.
             

              You will have access to state-of-the-art facilities which will ensure you are proficient in the use of modern equipment, principles, techniques, tools and methodologies for the design, implementation, maintenance and recovery of secure networks and information systems."	September, January	Please see the university website for further information on fees for this course.	"MSc
            
            ,
            
             PGDip
            
            ,
            
             PGCert"	12-17 months full-time; 28-36 months part-time	Aberdeen	United Kingdom	On Campus	https://www.findamasters.com/masters-degrees/course/cyber-security-pgcert-pgdip-msc/?i200d2092c51530
