Cyber Security - MSc	University of the West of England, Bristol	University of the West of England, Bristol	Full time & Part time	"Technology is transforming our society in all sorts of ways. From how we do business to how we socialize, how we travel to how we communicate, we are dependent on computer systems that drive these processes. This dependency means we're vulnerable to cyber-attacks. If successful, our personal data can be stolen, and our national institutions, critical infrastructure and the technology that drives our society could be compromised.
             

              We need skilled, confident cyber security professionals who understand the technology, and the challenges, so they're able to secure and protect our digital society.
             


               Why study this"	September, January	Full time Home Award Fee £9000 Home Module Fee (15 Credit) £750 Part time Home Module Fee (15 Credit) £750 Offshore Module Fee (15 Credit) £1333	MSc	1 year full-time, 2 years part-time	Bristol	United Kingdom	On Campus	https://www.findamasters.com/masters-degrees/course/cyber-security-msc/?i359d29c52791
