Dental Materials Science - MSc/PGDip/PGCert	University of Birmingham	University of Birmingham	Full time & Part time	"This programme provides a foundation in key materials science principles and training skills for successful research and publication, towards the development of the next generation of materials and processes.
              


              There are very few aspects of dentistry that do not rely on materials, and the science of dental materials is arguably the most important subject that a dental practitioner, allied teacher or researcher should learn."	October	Please see the university website for further information on fees for this course.	"PGDip
            
            ,
            
             PGCert
            
            ,
            
             MSc"	1 year full time, 2 years part time	Birmingham	United Kingdom	On Campus	https://www.findamasters.com/masters-degrees/course/dental-materials-science-msc-pgdip-pgcert/?i282d4309c51482
