Data Science - MSc	University of the West of England, Bristol	University of the West of England, Bristol	Full time & Part time	"Bringing together skills in data management, analytics and artificial intelligence, data scientists work with organisations to draw competitive or efficiency-related insights from their data.
             

              It's a field that's expected to soon make up at least a quarter of all digital jobs, and has been highlighted as a major skills gap in the government's recent industrial strategy.
             


               Why UWE Bristol?
              


              If you're looking to specialise or upskill in this field, this master's will equip you to apply data science techniques in your current role and organisation, or to progress onto new work opportunities."	September, January	Full time Home Award Fee £9000 Home Module Fee (15 Credit) £750 Part time Home Module Fee (15 Credit) £750 Offshore Module Fee (15 Credit) £1333	MSc	1 year full-time, 2 years part-time	Bristol	United Kingdom	On Campus	https://www.findamasters.com/masters-degrees/course/data-science-msc/?i359d29c63010
