MSc - Marketing	Durham University	Durham University	Full time	"Marketing touches all aspects of an organisation and helps shape and direct corporate strategy.
             

              Durham’s
              
               MSc Marketing programme
              
              will equip you with the essential skills and knowledge to excel long-term across all marketing-related careers."	September	Full Time Fees Home students £13,900 per year EU students £29,500 per year Island students £13,900 per year International students £29,500 per year	MSc	1 year full-time	Durham	United Kingdom	On Campus	https://www.findamasters.com/masters-degrees/course/msc-marketing/?i67d3385c4015
