Biostatistics - Master of Science (ScM)	Johns Hopkins University	Johns Hopkins University	Full time	This ScM is intended for individuals who have demonstrated excellence at the undergraduate level in quantitative or biological sciences and desire a career as a professional statistician. ScM graduates assume positions in academic medical institutions, industry or government, taking lead roles in the design and analysis of scientific research projects.	August	Please see the university website for further information on fees for this course.	"MSc
            
            ,
            
             Other"	2 Years Full Time	Baltimore	USA	On Campus	https://www.findamasters.com/masters-degrees/course/biostatistics-master-of-science-scm/?i2476d8832c68681
