Biomedical Sciences MSc	University of Westminster	University of Westminster	Full time & Part time	"Our Biomedical Sciences MSc allows you to plan your own course to match your interests and experience by selecting from a diverse range of option modules offered in the School of Life Sciences, with the advice of the Course Leader. For example, you could combine modules on microbiology and molecular biology or those on haematology and clinical chemistry.
              


              Alternatively, you can combine basic science with study of the communication or commercialisation of science. You'll also have the opportunity to consider the increasing role of automation in diagnostic laboratories."	September	Please see the university website for further information on fees for this course.	MSc	Full-time: 1 year; Part-time: 2-5 years	London	United Kingdom	On Campus	https://www.findamasters.com/masters-degrees/course/biomedical-sciences-msc/?i371d178c6839
