Criminal Justice Policy MSc	London School of Economics and Political Science	London School of Economics and Political Science	Full time & Part time	"Ask LSE
              


              The MSc Criminal Justice Policy offers an exciting opportunity to learn how concepts, theoretical perspectives and empirical insights from criminology, sociology, law and psychology can be applied to subjects relating to crime, social order and criminal justice institutions.
             

              The MSc programme will provide you with intellectual tools from theory, empirical research, and policy analysis to engage with key issues and debates within criminology and criminal justice. You will also familiarise yourself with the ways in which historical and international comparative perspectives help us understand current trends. The teaching is provided by internationally renowned criminologists in the Departments of Social Policy and Sociology and the LSE Law School."	September	Please see the university website for further information on fees for this course.	MSc	12 months full-time, 24 months part-time	London	United Kingdom	On Campus	https://www.findamasters.com/masters-degrees/course/criminal-justice-policy-msc/?i150d2361c10583
