Biotechnology - MSc	University of the West of Scotland	University of the West of Scotland	Full time & Part time	"This MSc Biotechnology equips you for a career in the biotechnology/life science profession or enables you to progress to PhD study. Designed and delivered with industry input, the course will develop your knowledge and understanding of a range of theoretical and practical skills relevant to the biotechnology industry; advance your understanding of the industry; and grow your research skills.
             

              An appreciation of the principles of commercialisation in the biotechnology industry will be developed through a bio-industry or work-related learning module.
             

              You will develop practical laboratory skills throughout the programme in areas such as molecular biology, microbiology and bioanalysis."	September, January	See website for programme fees.	MSc	1 year full time, 2 years part time	Glasgow	United Kingdom	On Campus	https://www.findamasters.com/masters-degrees/course/biotechnology-msc/?i360d6748c32996
