Criminology and Criminal Investigations - MSc	Cardiff Metropolitan University	Cardiff Metropolitan University	Full time & Part time	The MSc Criminology & Criminal Investigations at Cardiff Met is an exciting degree that provides a detailed and critical understanding of key and contemporary issues within the study of crime and criminal justice. Criminology is an empirical subject that draws upon a range of methodological approaches, theoretical frameworks, and diverse perspectives both nationally and internationally. Criminal investigation is a fascinating area of study where you will explore case studies, develop key investigative competences, and gain experience in putting your skills into practice.	See Course	As a postgraduate, research or part-time student, the tuition fees you are charged will depend on the course you choose to study.	"PGCert
            
            ,
            
             PGDip
            
            ,
            
             MSc"	1 year full time, 2-3 years part time	Cardiff	United Kingdom	On Campus	https://www.findamasters.com/masters-degrees/course/criminology-and-criminal-investigations-msc/?i366d2944c71037
