Demography and Social Inequality DDM	University of Groningen	University of Groningen	Full time	"What impact did the recent economic crisis have on individuals' living and working conditions, on individuals' study and career choices, on social inequalities and social cohesion?
             

              The Double Master's Programme in Demography and Social Inequality gives first-class students the opportunity to benefit from the outstanding expertise of two top-ranking universities. Participants of the programme spend one year studying at each university and graduate with two master's degrees: a Master of Sciences in Sociology and Social Research issued by the
              
               University of Cologne
              
              and a Master of Science in Population Studies issued by the
              
               University of Groningen
              
              in the Netherlands."	September	Please see the university website for further information on fees for this course.	MSc	2 years full time	Groningen	Netherlands	On Campus	https://www.findamasters.com/masters-degrees/course/demography-and-social-inequality-ddm/?i1114d7103c53487
