Cyberspace Operations (MSc)	Cranfield University	Cranfield University	Part time	"The Cyberspace Operations programme is designed to develop professionals to support manoeuvre in cyberspace, in contested operations and as part of integrated planning.
             

              Who is it for?
             

              Students will be UK Military and other Government personnel charged with supporting operations in cyberspace, in their current or anticipated role. These staff may also be one or more of the following:"	October	MSc Full-time £19,500 MSc Part-time £19,500 PgDip Full-time £15,700 PgDip Part-time £15,700 PgCert Full-time £7,850 PgCert Part-time £7,850	"MSc
            
            ,
            
             PGDip
            
            ,
            
             PGCert"	MSc: Up to five years part-time. PgDip : Up to four years part-time. PgCert: Up to 3 years part-time	Bedford	United Kingdom	Online	https://www.findamasters.com/masters-degrees/course/cyberspace-operations-msc/?i50d8485c32453
