Data, Inequality and Society (Online Learning) MSc, PgDip (ICL), PgCert	University of Edinburgh	University of Edinburgh	Full time & Part time	"Programme description
             

              What makes societies inclusive? How do data practices describe, amplify or confront problems of marginalisation and inequality?
             

              This new MSc programme from the Edinburgh Futures Institute brings advanced, cross-disciplinary knowledge together with sectors and experts who are committed to building inclusive and equitable global societies.
             

              Inequality and exclusion lie at the heart of the ‘wicked problems’ that societies face today. You will learn to identify and address them through a collaborative approach that offers a critical and empirical exploration of the causes and consequences of inequalities in societies around the world."	September	Tuition fees vary between degree programmes. Find the specific fees for your chosen programme on our website.	"PGCert
            
            ,
            
             PGDip
            
            ,
            
             MSc"	MSc: 1 year full-time or 2 years part-time or 3 years part-time intermittent; PgDip: 2 years part-time intermittent; PgCert: 9 months part-time	Edinburgh	United Kingdom	Online	https://www.findamasters.com/masters-degrees/course/data-inequality-and-society-online-learning-msc-pgdip-icl-pgcert/?i300d8704c69604
