Data Science and Analytics - MSc	University of Leeds	University of Leeds	Full time	"We’re surrounded by data. The variety and amount we collect and store grows every day, from the simplest of retail transactions to the complex and intimate medical records of millions.
              


              There is an increasing demand for people who can manage, control and provide insight into the way data is used. These individuals require an understanding of computer science and mathematics, as well as a familiarity with the data needs and processes of a number of different areas, including healthcare, business, government and the environment.
             

              Our Data Science and Analytics Masters degree offers you the opportunity to develop a range of relevant skills including:"	September	UK: £14,000 (Total) International: £31,750 (Total)	MSc	1 year full time	Leeds	United Kingdom	On Campus	https://www.findamasters.com/masters-degrees/course/data-science-and-analytics-msc/?i321d4893c42615
