MSc - Business Analytics	Durham University	Durham University	Full time	"Register your interest to Discover more about Durham!
               



              The MSc Business Analytics course is intended to provide premium Masters-level education and training in relevant areas of contemporary business analytics in a supportive research-led interdisciplinary learning environment.
             

              The broad aims are:"	September	Full Time Fees Home students £33,500 per year EU students £33,500 per year Island students £33,500 per year International students £33,500 per year	MSc	1 year full-time	Durham	United Kingdom	On Campus	https://www.findamasters.com/masters-degrees/course/msc-business-analytics/?i67d3385c54703
