Corporate Social Responsibility and Sustainability MSc	London Metropolitan University	London Metropolitan University	Full time & Part time	"Why study this course?
             

              London Met has won several prestigious awards for corporate social responsibility (CSR) and environmental sustainability, and with this course, we aim to train sustainability managers of the future with a focus on employee engagement, environmental law, supply chain and environmental economics.
             

              More about this course
             

              CSR is an umbrella term that many companies use to describe a variety of activities and can permeate through many roles in an organisation. This course is aimed at middle management professionals and technical specialists who are already working in CSR and sustainability who have an interest in expanding their knowledge."	September, January	Please see the university website for further information on fees for this course.	MSc	Full-time 1 year, part-time 2 years	London	United Kingdom	On Campus	https://www.findamasters.com/masters-degrees/course/corporate-social-responsibility-and-sustainability-msc/?i149d4368c45080
