MSc Big Data Analytics	University of Liverpool	University of Liverpool	Part time	"Further your computer science career with a specialist postgraduate degree in big data analytics.
             

              This online master’s programme has been designed to equip students with expertise in an area of computing that has seen recent and rapid growth, and in which there is expected to be a significant skills shortage.
             

              You will have the opportunity to gain a comprehensive understanding of both the technology that supports big data analytics and the practical application of this technology in the context of business information and real-world problems."	January, May		"MSc
            
            ,
            
             PGDip
            
            ,
            
             PGCert"	2.5 years	Liverpool	United Kingdom	Online	https://www.findamasters.com/masters-degrees/course/msc-big-data-analytics/?i326d8583c68906
