Cyber Security and Technology  - MSc	Cardiff University	Cardiff University	Full time	"Why study this course
             


               An advanced cyber security programme developed by Cardiff University in partnership with PwC and supported by funding from the Cardiff Capital Region City Deal, to prepare high-class, employment ready cyber security professionals sought after by organisations worldwide.
              


              This unique MSc programme offers you a clear path to a successful career in the fast-moving and exciting area of cybersecurity. The programme has been developed by leading researchers at the Cardiff Centre for Cyber Security Research in close collaboration with industry experts from PwC."	September	For programme fees please visit our website: Please see the university website for further information on fees for this course.	MSc	1 year full time blended learning	Cardiff	United Kingdom	On Campus	https://www.findamasters.com/masters-degrees/course/cyber-security-and-technology-msc/?i33d4087c69007
