MedTech Innovation & Entrepreneurship MSc	King’s College London	King’s College London	Full time	"The MSc in MedTech Innovation and Entrepreneurship brings together talented students and professionals from a range of backgrounds across the spectrum of health, engineering, design, business and entrepreneurship, who are committed to creating innovation in health and making the world a healthier place.
              


              The programme builds on King’s strengths in healthcare, health research, healthcare technologies, design, engineering, business and entrepreneurship to teach both crucial business knowledge and the art and science of developing novel medical technologies that address an unmet clinical need."	September	Please see the university website for further information on fees for this course.	MSc	1 year	London	United Kingdom	On Campus	https://www.findamasters.com/masters-degrees/course/medtech-innovation-and-entrepreneurship-msc/?i132d7816c67578
