Biomedical Science MSc	University of Wolverhampton	University of Wolverhampton	Full time & Part time	"This course is taught by specialists including research-active staff and visiting lecturers from relevant fields.
             

              Why choose this course?
             


               This course is accredited by the Institute of Biomedical Science (IBMS).
              


              A staple topic at the University of Wolverhampton for over a quarter of a century, this course is taught by specialists including research-active staff and visiting lecturers from relevant fields."	September	Home - Full-time - £11550 per year Home - Part-time - £5775 per year International - Full-time - £15950 per year	MSc	1 year full time, 2 years part time	Wolverhampton	United Kingdom	On Campus	https://www.findamasters.com/masters-degrees/course/biomedical-science-msc/?i373d8428c29279
