Data Analytics (Distance Learning) MSc	University of Portsmouth	University of Portsmouth	Part time	"Overview
             


               Data
              
              plays a major role in modern organisations, especially in research and developing business strategies.
             

              To stay competitive, employers need to identify trends, insights and other valuable information hidden inside complicated data sets. As a result of this, professionals with the ability to translate such sets and enable data-driven business solutions are in high demand.
             

              If you’re interested in building a career as a data professional, this 100% postgraduate course will help you learn valuable
              
               data analysis skills
              
              without needing to take time away from your work or other commitments."	September, January	Please visit for details: Please see the university website for further information on fees for this course.	MSc	2 years part-time distance learning	Portsmouth	United Kingdom	Online	https://www.findamasters.com/masters-degrees/course/data-analytics-distance-learning-msc/?i343d760c62671
