Counselling and Psychotherapy MSc	Keele University	Keele University	Full time & Part time	"The Master's in Counselling and Psychotherapy is a professional training in counselling. The full-time programme has been running for over 10 years and has been accredited by the British Association for Counselling and Psychotherapy (BACP). This means that students who successfully complete the programme gain automatic entry onto the BACP register.
              


              This MSc programme in Counselling and Psychotherapy aims to equip you with the knowledge and expertise to become professional person-centred/humanistic counsellors. The course integrates your counselling skills practice with academic study of counselling related theory at Masters level and facilitates student’s personal and professional development, as well as offering you a grounding in research methodology."	September	Please see the university website for further information on fees for this course.	MSc	1 year full-time, 2 years part-time	Stoke on Trent	United Kingdom	On Campus	https://www.findamasters.com/masters-degrees/course/counselling-and-psychotherapy-msc/?i131d8684c41610
