Data Science - MSc/PgD/PgC	Cardiff Metropolitan University	Cardiff Metropolitan University	Full time & Part time	"This Master's degree in Data Science is an industry-relevant and popular postgraduate programme of study. Data Science and ""Big Data"" are more important than ever. Graduates trained to garner insights from large data sets, extract patterns and provide actionable information to solve real-world problems are sought after in both the private and public sector.
             

              This course will equip you with in-demand theoretical knowledge and practical skills to develop data science systems, use software to analyse and synthesise data, and manage all aspects of data science.
             

              Course Content
             


               Compulsory"	September, January	​As a postgraduate, research or part-time student, the tuition fees you are charged will depend on the course you choose to study.	"MSc
            
            ,
            
             PGDip
            
            ,
            
             PGCert"	1 year - 18 months full time, 3 years part time	Cardiff	United Kingdom	On Campus	https://www.findamasters.com/masters-degrees/course/data-science-msc-pgd-pgc/?i366d8243c45565
