Cybersecurity - MS	New York Institute of Technology	New York Institute of Technology	Full time & Part time	"In the Master of Science in Cybersecurity (Information, Network, and Computer Security), you will:
             


               critically evaluate various technical/architectural solutions to limit risk, mitigate the effects of hostile action, and recover from attacks
              

               design, implement, and maintain software tools to support network security across multiple operating systems
              

               oversee the information life cycle of an organization, including planning, acquisition, and implementation of secure infrastructures
              

               study algorithm concepts, computer forensics, risk management and legal issues, and intrusion detection and hacker exploits
              


              NYIT professors have been awarded several prestigious research grants in the field, in areas including:"	See Course	Please see the university website for further information on fees for this course.	MSc	See website for details.	New York	USA	On Campus	https://www.findamasters.com/masters-degrees/course/cybersecurity-ms/?i1982d7942c52665
