Defence Simulation and Modelling (MSc)	Cranfield University	Cranfield University	Full time & Part time	"This course addresses the design, development, procurement, use and management of models and simulations for applications in experimentation, training, testing, analysis and assessment of military forces, systems and equipment.
             

              The application of Modelling and Simulation continues to enhance and transform both systems development and training. It allows representation of increasingly complex equipment, systems and scenarios for the purposes of decision support and helps to reduce wear on live equipment and on test and training areas.
             

              Who is it for?
             

              The course is suitable for both military and civilian personnel, including those from defence industry and government departments.
             

              Ten places are normally available for the full-time cohort."	September	MSc Full-time £19,500 MSc Part-time £19,500 PgDip Full-time £15,700 PgDip Part-time £15,700 PgCert Full-time £7,850 PgCert Part-time £7,850	"PGDip
            
            ,
            
             PGCert
            
            ,
            
             MSc"	MSc: one year full-time, up to five years part-time	Bedford	United Kingdom	Online	https://www.findamasters.com/masters-degrees/course/defence-simulation-and-modelling-msc/?i50d8485c9006
