MSc Biomedical Engineering	University of Sheffield	University of Sheffield	Full time	"Our MSc is designed to provide you with all of the necessary technical knowledge, expertise and transferable skills to succeed in one of the fastest growing engineering disciplines.
              


              Biomedical engineering (or bioengineering) is a multidisciplinary field that combines biology and engineering, and which allows you to apply engineering principles to medicine and healthcare.
             

              This unique course combines biomaterials, imaging and
              
               in silico
              
              medicine. It gives you the medical background, specialist knowledge, and theoretical and practical skills you’ll need to integrate biology and medicine with engineering and ultimately solve problems related to living systems."	September	Please see the university website for further information on fees for this course.	MSc	1 year full-time	Sheffield	United Kingdom	On Campus	https://www.findamasters.com/masters-degrees/course/msc-biomedical-engineering/?i348d8720c67205
