Cyber Defence and Information Assurance (MSc)	Cranfield University	Cranfield University	Part time	"Designed to develop professionals who can lead in a cyber environment, to effectively exploit the threats and opportunities of cyberspace at the organisational level. The course focuses on understanding and articulating the executive-level responses to serious present and emerging threats in the information domain.
             

              Who is it for?
             

              Students will be government, corporate and critical information infrastructure staff who are one or more of the following:"	October	MSc Full-time £19,500 MSc Part-time £19,500 PgDip Full-time £15,700 PgDip Part-time £15,700 PgCert Full-time £7,850 PgCert Part-time £7,850	"PGCert
            
            ,
            
             MSc
            
            ,
            
             PGDip"	MSc: up to five years part-time. PgDip : up to four years part-time. PgCert: up to 3 years part-time	Bedford	United Kingdom	Online	https://www.findamasters.com/masters-degrees/course/cyber-defence-and-information-assurance-msc/?i50d8485c24201
