Data Science MSc	University of Greenwich	University of Greenwich	Full time & Part time	"Our MSc in Data Science equips graduates to embark on highly skilled careers in data science, artificial intelligence and machine learning.
             

              This specialist Master's in Data Science provides a theoretical knowledge of data science alongside the practical skills that will help you prosper in the jobs market.
             

              You'll be exposed to a broad range of topics such as data science, statistics, specialist programming, machine learning and data visualisation."	September, January	Please see the university website for further information on fees for this course.	MSc	1 years full-time, 2 years part-time	London	United Kingdom	On Campus	https://www.findamasters.com/masters-degrees/course/data-science-msc/?i309d6382c56314
