CPE Track Health Systems and Prevention (research) MSc	University of Groningen	University of Groningen	Full time	Do you want to be pioneering in research side by side excellent public health researchers and societal partners? Then the Health Systems and Prevention (HSP) track is the right choice for you!	September	Please see the university website for further information on fees for this course.	"Other
            
            ,
            
             MSc
            
            ,
            
             Research Only"	2 years full time	Groningen	Netherlands	On Campus	https://www.findamasters.com/masters-degrees/course/cpe-track-health-systems-and-prevention-research-msc/?i1114d7101c67170
