Crime Intelligence and Data Analytics MSc	Teesside University	Teesside University	Full time & Part time	"Understanding data is becoming increasingly important for us all. This is especially true for the intelligence analyst working for a police intelligence unit or business analytics department. The world constantly presents data in data frames or spreadsheets – our daily activities are invariably logged by a time, date, geolocation.
              


              The work boundaries of the traditional police intelligence analyst and digital forensic investigator are becoming blurred – today’s analysts need to be cyber aware, understanding how communication records and web search histories can be extracted and analysed."	September, January	Please see the university website for further information on fees for this course.	MSc	September enrolment: 1 year, January enrolment: 16 months, including a summer break	Middlesbrough	United Kingdom	On Campus	https://www.findamasters.com/masters-degrees/course/crime-intelligence-and-data-analytics-msc/?i235d416c51264
