Cyber Security MSc	City, University of London	City, University of London	Full time	"Key information
             

              With the demand for graduates with a good knowledge of cyber security on the increase, this MSc will put you in a good position for your career in Cyber Security. You’ll develop an in-depth understanding of cyber security from experts in the field and get hands-on experience in testing and analysing computing systems.
             

              Course overview
             

              This course is designed for graduate students and IT/ICT professionals who want to prepare for a successful career in computer, network and information security. It will help you to develop your specialist analytical, operational and development skills in both technical and socio-technical areas of cyber security."	September	Please see the university website for further information on fees for this course.	MSc	1 year full time	London	United Kingdom	On Campus	https://www.findamasters.com/masters-degrees/course/cyber-security-msc/?i393d8904c5712
