Data Literacy for Social and Environmental Justice (PGCert/PGDip/MSc) - online	University of St Andrews	University of St Andrews	Full time	"The Data Literacy for Social and Environmental Justice programme develops core skills in data literacy (including spatial data science), science communication, and public engagement. The programme is ideal for professionals currently working on questions of social and environmental justice, those looking to shift career trajectory, or recent graduates seeking additional training before (re)entering the workforce.
             

              Course details
             

              The Data Literacy for Social and Environmental Justice course is an online self-paced programme, with options to study for a PGCert, PGDip or an MSc."	January	MSc (three years) £18,000 (charged £6,000 per year of study) PG Dip (two years) £12,000 (charged £6,000 per year of study) PG Cert (one year) £6,000	"PGCert
            
            ,
            
             PGDip
            
            ,
            
             MSc"	3 years full time	St Andrews	United Kingdom	Online	https://www.findamasters.com/masters-degrees/course/data-literacy-for-social-and-environmental-justice-pgcert-pgdip-msc-online/?i350d7282c70523
