MSc Comparative Social Change	University College Dublin	University College Dublin	Full time	"Graduate Taught (level 9 nfq, credits 90)
             

              The MSc Comparative Social Change is a one­year full time programme which is jointly delivered by the
              
               School of Sociology at UCD
              
              and
              
               Trinity’s Department of Sociology
              
              . It provides students with the theoretical frameworks and practical research skills necessary to understand the processes and pressing issues presented by global social change."	September	Please see the university website for further information on fees for this course.	MSc	Full-time: 1 year	Dublin	Ireland	On Campus	https://www.findamasters.com/masters-degrees/course/msc-comparative-social-change/?i272d8147c54245
