Cyber Security, Privacy and Trust MSc	University of Edinburgh	University of Edinburgh	Full time & Part time	"Programme Description
             

              Our societies are critically dependent on computer software. Electronic systems are everywhere, and governments, financial and transport organisations, or telecommunication companies all possess and manage huge amounts of sensitive information concerning all of our everyday activities.
             

              With the emergence of new systems and services, every aspect of our life is relying on / is recorded by some computerised system, such as:"	September	Tuition fees vary between degree programmes. Find the specific fees for your chosen programme on our website.	MSc	1 year full-time, 2-3 years part-time	Edinburgh	United Kingdom	On Campus	https://www.findamasters.com/masters-degrees/course/cyber-security-privacy-and-trust-msc/?i300d1317c54681
