Creative Technologies (MSc)	University of Southampton	University of Southampton	Full time	"Combine your passion for creative art and design with digital technologies on this master's degree in creative technologies. Based at Winchester School of Art (WSA), we'll prepare you for a range of careers in the arts and technology sectors.
             

              You'll develop your creative and technical skills in systems thinking and design. You'll learn through projects where you'll design and build immersive digital experiences. These experiences will go beyond digital screen formats to include fabrication, textiles and 3D printing.
             

              You can choose to focus on:"	See Course	Please see the university website for further information on fees for this course.	MSc	1 year full-time	Southampton	United Kingdom	On Campus	https://www.findamasters.com/masters-degrees/course/creative-technologies-msc/?i349d4351c72166
