DDM International Business and Finance	University of Groningen	University of Groningen	Full time	"Are you interested in an international career in or involving China? Study in Groningen and Shanghai and gain first-hand knowledge and experience of China and the economy, language and culture.
             

              If you wish to embark on a career as a global economist or business consultant, you will need to have knowledge of the economic and monetary policies and political economics of leading nations and to be able to recognise trends in the world economy.
             

              This double degree master is structured in two parts. During year one, you will study one of the
              
               one-year Master's degrees
              
              at the Faculty of Economics and Business, in Groningen. Year two is spent at Fudan University in Shanghai where you two tracks are offered:"	September	Please see the university website for further information on fees for this course.	"MSc
            
            ,
            
             MA"	2 years full time	Groningen	Netherlands	On Campus	https://www.findamasters.com/masters-degrees/course/ddm-international-business-and-finance/?i1114d7097c37449
