Control and Instrumentation (MSc)	University of Derby	University of Derby	Full time & Part time	"This distinctive MSc develops all the skills and knowledge you need to excel in a rapidly changing field of electrical and electronic engineering.
             

              Course description
             

              There is a growing demand for professionals who can harness latest technology to design and produce novel measurement and control systems."	January, September	Please see the university website for further information on fees for this course.	MSc	12-18 months full time, 2-3 years part time	Derby	United Kingdom	On Campus	https://www.findamasters.com/masters-degrees/course/control-and-instrumentation-msc/?i295d7133c12055
