Cultural Industries and Entrepreneurship MSc	University of Nottingham	University of Nottingham	Full time & Part time	"Combine critical understanding of the cultural industries with the development of key business skills.
             

              You'll get a thorough grounding in how the cultural industries are structured, organised and operate. You'll also look at the policy framework they operate in and the unique professional roles and practices they've developed.
             

              On the business side you'll study entrepreneurial creativity, how to launch new ventures and lead entrepreneurial growth.
             

              Through this combination you'll come to appreciate the interrelationships between fundamental research and its practical application.
             

              By the end of the course you'll be:"	September	Please see the university website for further information on fees for this course.	MSc	Full-time: 12 months | Part-time: 24 months	Nottingham	United Kingdom	On Campus	https://www.findamasters.com/masters-degrees/course/cultural-industries-and-entrepreneurship-msc/?i338d5156c13678
