MSc Advanced Mechanical Engineering	University of Sheffield	University of Sheffield	Full time	"Strengthen your knowledge and understanding of mechanical engineering. Choose from a wide selection of optional modules to tailor your studies to your interests.
              


              This highly flexible course is designed to strengthen your knowledge and understanding of mechanical engineering. It offers a wide selection of optional modules, allowing you to tailor your studies to reflect your interests, and graduates go on to work in many areas of engineering. You’ll also have the chance to further explore a subject that interests you through your individual research project."	September	Please see the university website for further information on fees for this course.	MSc	1 year full-time	Sheffield	United Kingdom	On Campus	https://www.findamasters.com/masters-degrees/course/msc-advanced-mechanical-engineering/?i348d604c27223
