DDM International Financial Management	University of Groningen	University of Groningen	Full time	"Are you interested in a career in financial markets, international finance and risk management?
             

              The Faculty of Economics and Business (University of Groningen) and Università Cattolica del Sacro Cuore (UCSC Milan) have joined forces to set up a high-quality, two-year double degree master in the fields of banking, risk and financial management, and international finance.
             

              Students start the first year in Milan and learn to integrate financial models, firm-specific as well as industry and economic factors in their decision-making process. You will take courses in econometrics and quantitative methods and you will use strong analytical foundations to underline the importance of risk management."	September	Please see the university website for further information on fees for this course.	"Other
            
            ,
            
             MSc"	2 years full time	Groningen	Netherlands	On Campus	https://www.findamasters.com/masters-degrees/course/ddm-international-financial-management/?i1114d7097c67157
