Construction Project Management MSc	Liverpool John Moores University	Liverpool John Moores University	Full time & Part time	"Learn how to lead and integrate a team of multi-disciplinary professionals on LJMU's Construction Project Management Masters.
             

              This course is available to study
              
               full-time
              
              or
              
               part-time
              
              ."	September, January	Please see the university website for further information on fees for this course.	MSc	1 year full time, 2 years full time or part time	Liverpool	United Kingdom	On Campus	https://www.findamasters.com/masters-degrees/course/construction-project-management-msc/?i147d3863c9219
