Biosocial Medical Anthropology MSc	University College London	University College London	Full time & Part time	"Register your interest in graduate study at UCL
               



              The MSc in Biosocial Medical Anthropology is for those wishing to gain proficiency and understanding of biosocial approaches in examining disease, health and medicine. It draws from cross-disciplinary expertise in medical anthropology, human ecology and biological anthropology. It aims to equip students with the theoretical knowledge and practical skills to develop careers that make use of a biosocial approach."	September	Please see the university website for further information on fees for this course.	MSc	1 year full time, 2 years part time	London	United Kingdom	On Campus	https://www.findamasters.com/masters-degrees/course/biosocial-medical-anthropology-msc/?i274d1852c52462
