Data Science (DS)	IMT Atlantique	IMT Atlantique	Full time	"In the last few decades, companies have accumulated overhelming amounts of data. Using statistical data mining methods, one can detect tendencies, hidden patterns and knowledge nuggets, and use them to make strategic decisions. This process is of crucial importance in all sectors of activity, and in particular for business, politics, security, healthcare, etc.
             

              This MSc program is aimed at future experts in the design of high-performance support systems for data mining, knowledge extraction and decision aiding.
             


               Check out the MSc leaflet !
              


              Content
             

              The program includes 3 academic semesters on IMT Atlantique Nantes campus + 6-month paid internship in a company or lab.
             


               Year"	February	Non-European students : 5,100 euros/ year - European students : 3,000 euros/ year	MSc	2 years	Nantes	France	On Campus	https://www.findamasters.com/masters-degrees/course/data-science-ds/?i3074d8761c67561
