Criminology/Criminal Justice (MSc by Research)	University of Huddersfield	University of Huddersfield	Full time & Part time	"The maximum duration for an MSc by Research is 1 year (12 months) full-time or 2 years (24 months) part-time with an optional submission pending (writing-up) period of 4 months.
             

              Sometimes it may be possible to mix periods of both full-time and part-time study.
             

              If studying on a part-time basis, you must establish close links with the University and spend normally not less than an average of 10 working days per year in the university, excluding participation in activities associated with enrolment, re-registration and progression monitoring. You are also expected to dedicate 17.5 hours per week to the research."	October, January	UK fees : Please see the university website for further information on fees for this course. International fees : Please see the university website for further information on fees for this course.	"MSc
            
            ,
            
             Research Only"	1 year full-time, 2 years part-time	Huddersfield	United Kingdom	On Campus	https://www.findamasters.com/masters-degrees/course/criminology-criminal-justice-msc-by-research/?i314d4556c44587
