MSc Archaeology (Full-Time)	University College Dublin	University College Dublin	Full time	"Graduate Taught (level 9 nfq, credits 90)
             


               UCD School of Archaeology's MSc/GradDiploma in Archaeology
              
              is designed for students interested in the challenges and opportunities in studying the human past."	September	Please see the university website for further information on fees for this course.	MSc	Full-Time: 1 year	Dublin	Ireland	On Campus	https://www.findamasters.com/masters-degrees/course/msc-archaeology-full-time/?i272d4686c69782
