CPE Track Lifecourse Health Development	University of Groningen	University of Groningen	Full time	"Are you interested in understanding the intricacies of health throughout a person's life? Do you want to be part of a community of motivated and socially conscious students, all working towards a healthier future? Then the LHD Track is designed just for you.
              


              LHD is one of the two specialized tracks from the
              
               MSc Clinical and Psychosocial Epidemiology (MSc CPE)
              
              . It delves into the many factors influencing an individual's mental as well as physical health and explores how it evolves over time.
             


               Addressing current health"	September	Please see the university website for further information on fees for this course.	MSc	2 Years	Groningen	Netherlands	On Campus	https://www.findamasters.com/masters-degrees/course/cpe-track-lifecourse-health-development/?i1114d7101c72057
