Data Science - MSc	Aberystwyth University	Aberystwyth University	Full time	"Data Science is a rapidly growing interdisciplinary area, with applications in business, government, public health, and the sciences. Its applications range from identifying customers’ buying patterns and monitoring machinery to tracking the spread of a disease and logging and improving an individual's health. There is therefore a huge unfilled demand for graduates with skills in ‘Big Data’.
             


               Why study MSc Data Science at Aberystwyth"	September	Please see the university website for further information on fees for this course.	MSc	1 year full-time	Aberystwyth	United Kingdom	On Campus	https://www.findamasters.com/masters-degrees/course/data-science-msc/?i3d2965c49180
