Dental Public Health - MSc	University of Leeds	University of Leeds	Full time	"Dental public health offers you the opportunity to enhance professional, clinical and academic knowledge alongside others from multi-disciplinary backgrounds around the world.
              


              The course can equip you with the understanding and skills to manage the competing demands, resource implications and expectations inherent in providing a 21st century public dental service. It will suit dental professionals or public health professionals who want to grow their knowledge, skills and commitment to develop equitable and fair dental health services. It includes tutors from outside the university environment with specialist knowledge and experience in oral health protection and the management of dental services locally."	September	UK: £12,750 (total) International: £31,000 (Total)	MSc	1 year full time	Leeds	United Kingdom	On Campus	https://www.findamasters.com/masters-degrees/course/dental-public-health-msc/?i321d6218c39212
