Construction Project Management with Industry Placement	Heriot-Watt University	Heriot-Watt University	Full time	"Overview
             

              Construction Project Management at Heriot-Watt University is one of the longest-running courses of its kind in the UK, equipping graduates with the theoretical knowledge and practical and technical skills to manage people and projects within the construction industry.
             

              To enhance your career prospects and international experience, we are now offering our established and standard one year Construction Project Management Masters over two years through offering a ‘with Industry Placement’ alternative.
             

              This ‘with Industry Placement’ option offers a practical experiential element over the traditional one-year degree structure, allowing you to reflect on theory and practice."	September	Please see the university website for further information on fees for this course.	MSc	2 years full-time	Edinburgh	United Kingdom	On Campus	https://www.findamasters.com/masters-degrees/course/construction-project-management-with-industry-placement/?i106d4397c57326
