Dental Education - MSc	University of Central Lancashire	University of Central Lancashire	Part time	"Are you a dental professional working in the NHS, HEI or private sector who is looking to develop as a dental educator and to support the development of your team? Our innovative learn-as-you-work MSc in Dental Education combines home study with on-campus learning to help you achieve both of those aims.
             

              The course is designed to meet the needs of an inter-professional care team. Dentists and Dental Care Professionals and their extended team will all benefit from the support provided by the course team, gaining the knowledge and skills needed to become effective in developing others.
             

              The environment in which training takes place becomes a learning community. This maximises the opportunity for learning for all. Where identified, development needs are considered and supported."	September	Please see the university website for further information on fees for this course.	MSc	3 years part-time	Preston	United Kingdom	On Campus	https://www.findamasters.com/masters-degrees/course/dental-education-msc/?i291d1473c56289
