Biomedical Sciences MSc	Liverpool John Moores University	Liverpool John Moores University	Full time & Part time	"Qualify for a career in the biomedical sector with this new masters programme designed in conjunction with local industry.
             

              This course is available to study
              
               full-time
              
              or
              
               part-time
              
              ."	September	Please see the university website for further information on fees for this course.	MSc	1 year full-time, 2 years part-time	Liverpool	United Kingdom	On Campus	https://www.findamasters.com/masters-degrees/course/biomedical-sciences-msc/?i147d3862c57945
