Democracy and Comparative Politics MSc	University College London	University College London	Full time & Part time	"Register your interest in graduate study at UCL
               



              This MSc focuses on the design, creation, and operation of democratic institutions. Students gain an understanding of when a given set of institutes are appropriate for a society and what will make them function, and how scholars have thought about these matters, applying theory to examples of institution-building and design.
             

              Students are equipped with the theoretical tools and empirical evidence necessary for an in-depth understanding of democratic institutions and politics. They develop an understanding of the potential benefits and pitfalls of different institutional designs, reforms, and administrative practices, and are able to analyse problems raised by new and reforming democracies."	September	Full time - £18,000 Part time - £9,000	MSc	1 year full time, 2 years part time	London	United Kingdom	On Campus	https://www.findamasters.com/masters-degrees/course/democracy-and-comparative-politics-msc/?i274d4458c20171
