Data Science - MSc	University of Hertfordshire	University of Hertfordshire	Full time & Part time	"Why choose Herts?
             


               Teaching Excellence: You will be taught by internationally recognised research staff with expertise across mathematics, statistics, astrophysics, medical physics, and computer science (
               

                 see key staff
                

               ).
              

               Work-Placement Opportunities: You have an option to take a one-year paid industry placement. Students have had placements with organisations including NatWest, Sparta Global, and Sky.
              

               Industry Connections: Benefit from our strong links with the computing industry. We work with employers such as Microsoft and Hewlett Packard for students to engage in careers fairs and industry-sessions.
              


              About the course
             

              Data is the currency of all but the most theoretically-based scientific research, and it also underpins our modern world, from the flow of data across international banking networks and the spread of memes across social networks, to the complex models of weather forecasting. The constant generation of data from our digital society feeds into our everyday lives, affecting how we receive healthcare to influencing our shopping habits. In order to handle, make sense of, and exploit large volumes of available data requires highly skilled human insight, analysis and visualisation. The professionals working in this field are called ‘data scientists’, who blend advanced mathematical and statistical skills with programming, database design, machine learning, modelling, simulation and innovative data visualisation. These professionals are in high demand in both public and private sectors in the UK and worldwide. This programme aims and learning outcomes are built around two guiding principles:"	See Course	UK Students Full time: £9750 for the 2022/2023 academic year Part time: £810 per 15 credits for the 2022/2023 academic year EU/International Students Full time: £14750 for the 2022/2023 academic year Part time: £1230 per 15 credits for the 2022/2023 academic year	MSc	1-2 years full time, 2 years part time	Hatfield	United Kingdom	On Campus	https://www.findamasters.com/masters-degrees/course/data-science-msc/?i313d64c65368
