Design Informatics MSc	University of Edinburgh	University of Edinburgh	Full time	"Programme Description
             

              Design informatics combines data science with design thinking in a context of critical enquiry to create compelling and meaningful new data-driven experiences, products and services.
             

              The central premise of design informatics is that data is a medium for design: by shaping data, we shape the world around us. Data science provides the groundwork for this, with design thinking underpinning reflective research through design."	September	Tuition fees vary between degree programmes. Find the specific fees for your chosen programme on our website.	MSc	1 year full-time	Edinburgh	United Kingdom	On Campus	https://www.findamasters.com/masters-degrees/course/design-informatics-msc/?i300d1317c33695
