Data Science	University of Padua	University of Padua	Full time	"he
              
               Master's degree in Data Science
              
              prepares students to be expert in data analysis, gaining interdisciplinary skills across a number of disciplines and technologies. These highly-demanded skills are key to analyse the large amounts of data that today’s society and businesses operate upon.
             

              The offered curricula cover a broad range of theories and tools: from engineering, computer science, mathematics, statistics, machine learning, artificial intelligence and big data. Through this programme, students will learn to collect, organise and process big data amounts, obtaining highly valuable information for businesses and industry processes."	October	Our tuition fees will not exceed 2700 euros per year. Scholarship and fee waivers are available for international students, for more information visit our website.	MSc	2 years	Padua	Italy	On Campus	https://www.findamasters.com/masters-degrees/course/data-science/?i1283d7798c63815
