Consumer and Digital Marketing Analytics - MSc	Bangor University	Bangor University	Full time	"In the age of
              
               big data
              
              , companies have more consumer information than ever before. They can use this information to target consumers, but they can also use consumer information (e.g. feedback from reviews) to improve products and services. Gaining insight from customers and understanding shifting patterns of consumer behaviour is important for companies in order to satisfy customer needs and ultimately the viability or profit-making potential of the company."	September, January	Please see the university website for further information on fees for this course.	MSc	1 year full time	Bangor	United Kingdom	On Campus	https://www.findamasters.com/masters-degrees/course/consumer-and-digital-marketing-analytics-msc/?i13d8006c63600
