Data Analytics MSc	London Metropolitan University	London Metropolitan University	Full time & Part time	"Why study this course?
             

              On our Data Analytics MSc you'll be introduced to subjects including data mining, statistical modelling, business intelligence and data visualisation. The course has been developed with direct input from industry experts who’ll present you with real-life business cases as part of your work-related learning. By the end of the MSc degree, you’ll be ready to apply for rewarding roles in the data science and big data industries, as well as the many sectors and organisations that increasingly require data analysts.
             

              A recent Destinations of Leavers from Higher Education (DLHE) survey found that 100% of all 2017 graduates from this course were in work or further study within six months."	September, January	Please see the university website for further information on fees for this course.	MSc	Full-time 1 year, part-time (day) 18 months	London	United Kingdom	On Campus	https://www.findamasters.com/masters-degrees/course/data-analytics-msc/?i149d4370c41005
