Contemporary Nursing - MSc	University of Hertfordshire	University of Hertfordshire	Part time	"Apply now
              


              This programme enables nurses to undertake a range of clinical and professional modules that reflect their current Continuing Professional Development needs. The MSc Contemporary Nursing will develop the students’ knowledge and skills in leadership, teaching, and/or management and promote the use of evidence and technology to improve nursing care in innovative ways.
             

              If you have qualified as a nurse and wish to enhance your skills and knowledge in your specific area of nursing practice or study modules in management, in coaching or in education, this is the course for you.
             

              Course structure
             

              It is possible to take this pathway as a Post Graduate Diploma or Post Graduate Certificate award."	See Course	See website for programme fees.	MSc	2-5 years part-time	Hatfield	United Kingdom	On Campus	https://www.findamasters.com/masters-degrees/course/contemporary-nursing-msc/?i313d1159c28680
