Biotech and Pharmaceutical Management MSc	University College London	University College London	Full time & Part time	"Register your interest in graduate study at UCL
               



              Embrace one of the fastest paced sectors in health through this cutting edge Master’s programme that focuses on the business and management of biotechnology and pharmaceutical ventures.
             

              This leading edge programme that brings business together with biotechnology and pharmaceuticals has been crafted by academics and industry experts at the world’s first business school dedicated to health. Taught from a global top 10 university, the Biotech and Pharmaceutical Management MSc offers a unique opportunity to learn from the best in the sector and secure your future employability."	September	Full time - £18,000 Part time - £9,000	MSc	1 year full time, 2 years part time, 5 years flexible	London	United Kingdom	On Campus	https://www.findamasters.com/masters-degrees/course/biotech-and-pharmaceutical-management-msc/?i274d5871c66863
