Construction Project Management (MSc)	Sheffield Hallam University	Sheffield Hallam University	Full time & Part time	"Apply for the part-time course here.
              


              Join a fast-track course to develop the skills you'll need to be a construction project manager for private or public sector clients and construction companies."	September, January	Our tuition fee for UK students starting full-time study in 2023/24 is £9,910 for the course without work experience placement or £11,410 with work experience placement. Please see the university website for further information on fees for this course.	MSc	1 year full-time, 2 years part-time	Sheffield	United Kingdom	On Campus	https://www.findamasters.com/masters-degrees/course/construction-project-management-msc/?i219d2021c27157
