Data Science (2 years) - MSc	Heriot-Watt University	Heriot-Watt University	Full time	"The MSc Data Science (2 years) is a new programme available to graduates looking to enrol from September 2019.
              


              Data Scientist has been dubbed the 'sexiest job title' (Harvard Business Review, 2012) with IBM predicting a 28% growth of jobs by 2020. The UK government has set out their strategy for the UK to be a world leader in data science to enable the growth of the UK economy. Data Scientists require a combination of statistical analytical skills, the ability to process large volumes of data efficiently, c.f. Big Data, and then to generate visualisations to explain the results."	September	Please see the university website for further information on fees for this course.	MSc	2 years full time	Edinburgh	United Kingdom	On Campus	https://www.findamasters.com/masters-degrees/course/data-science-2-years-msc/?i106d4400c56404
