Dementia: Causes, Treatments and Research (Neuroscience) MSc	University College London	University College London	Full time & Part time	"Register your interest in graduate study at UCL
               



              The Dementia: Causes, Treatments and Research (Neuroscience) MSc, offered by the UCL Queen Square Institute of Neurology, tackles one of the biggest global health problems facing society today. It provides research-oriented and cutting-edge training in the study of dementia and its scientific basis, led by international leaders in the science and practice of dementia."	September	Full time - £14,100 Part time - £7,050	MSc	1 year full time, 2 years part time	London	United Kingdom	On Campus	https://www.findamasters.com/masters-degrees/course/dementia-causes-treatments-and-research-neuroscience-msc/?i274d4344c40142
