Data Science MSc	Swansea University	Swansea University	Full time & Part time	"Data Science Course Overview
             

              The MSc in Data Science gives you a solid grounding in data science concepts and technologies for extracting information and constructing knowledge from data.
             

              This course focuses on three core technical themes of data mining, machine learning, and visualisation.
             

              You study computational principles, methods, and systems for a variety of real-world applications that require mathematical foundations, programming skills, critical thinking, and ingenuity.
             

              Our £32.5m Computational Foundry lies at the heart of this course. Sophisticated teaching and research equipment include a Vision and Biometric Lab, a Maker Lab, a Theory Lab, a Cyber Security/Networking Lab, a User Lab and a Visualisation Suite."	September	Please visit our website for the Data Science course fee information.	MSc	1 year full-time; 2 years part-time	Swansea	United Kingdom	On Campus	https://www.findamasters.com/masters-degrees/course/data-science-msc/?i231d251c46977
