Crime Intelligence and Data Analytics (with Advanced Practice) MSc	Teesside University	Teesside University	Full time	"Understanding data is becoming increasingly important for us all. This is especially true for the intelligence analyst working for a police intelligence unit or business analytics department. The world constantly presents data in data frames or spreadsheets – our daily activities are invariably logged by a time, date, geolocation.
              


              The MSc Crime Intelligence and Data Analytics (with Advanced Practice) course helps you develop the high-quality, necessary skills to work in these sectors.
             

              The work boundaries of the traditional police intelligence analyst and digital forensic investigator are becoming blurred – today’s analysts need to be cyber aware, understanding how communication records and web search histories can be extracted and analysed."	September, January	Please see the university website for further information on fees for this course.	MSc	Full-time: September enrolment: 20 months, including a summer break; January enrolment: 2 years, including two summer breaks	Middlesbrough	United Kingdom	On Campus	https://www.findamasters.com/masters-degrees/course/crime-intelligence-and-data-analytics-with-advanced-practice-msc/?i235d416c51268
