Bioscience Entrepreneurship MSc	University College London	University College London	Full time & Part time	"Register your interest in graduate study at UCL
               



              Build a purposeful career translating science into business innovation. The goal is to empower bioscientists to create new social and economic value from research ideas, by learning the skills from entrepreneurship, technology and management that are most relevant to innovation."	September	Please see the university website for further information on fees for this course.	MSc	1 year full time, 2 years part time	London	United Kingdom	On Campus	https://www.findamasters.com/masters-degrees/course/bioscience-entrepreneurship-msc/?i274d1871c59486
