Crop Production (Horticulture) MSc	Writtle University College	Writtle University College	Full time & Part time	"Students studying at Writtle University College will have access to the Research glasshouse, farms and the postharvest unit which undertakes research and trials in conjunction with commercial companies.
             

              This provides the opportunity to study a range of crops relevant to the chosen area of horticulture or agriculture.
             

              Students will examine crop growing using resources at the University and through visits to growers and post harvest facilities; they will develop an understanding of the supply chain from the field through to sale. Together with visiting speakers from industry, this develops students' awareness of the latest trends and research in industry."	September	Please see the university website for further information on fees for this course.	MSc	1 year full-time, 2-3 years part-time	Chelmsford	United Kingdom	On Campus	https://www.findamasters.com/masters-degrees/course/crop-production-horticulture-msc/?i389d4350c15393
