Criminology and Criminal Psychology MSc	University of Greenwich	University of Greenwich	Full time & Part time	"This master’s degree equips you with a deep understanding of the concepts, theories, methods and principles central to criminology and criminal psychology.
              


              By studying Criminology and Criminal Psychology, you'll learn about the changing nature of psychology, law and criminology, and how to apply your knowledge in the forensic and legal arenas. The course will develop your ability to relate theory to practice with its broad coverage of criminological, forensic and psychological approaches to crime. Specific modules include criminal investigative psychology, crime theory, social forensic psychology, and crime, terrorism and the state."	September	Find out more: Please see the university website for further information on fees for this course.	MSc	1 years full-time, 2 years part-time	London	United Kingdom	On Campus	https://www.findamasters.com/masters-degrees/course/criminology-and-criminal-psychology-msc/?i309d6723c32675
