Data Intensive Physics - MSc	Cardiff University	Cardiff University	Full time	"Why study this course
             


               The MSc in Data-Intensive Physics has been designed to provide you with the skills and knowledge needed for a career in a range of areas including academic research in physics as well as technical, development and engineering positions in related scientific"	September	For programme fees please visit our website: Please see the university website for further information on fees for this course.	MSc	1 year full time	Cardiff	United Kingdom	On Campus	https://www.findamasters.com/masters-degrees/course/data-intensive-physics-msc/?i33d4095c47773
