Data Science MSc	University of Nottingham	University of Nottingham	Full time	"Big data is playing an increasingly important role in our society. The need for expert and ethical data analysis is in high demand across many industries. This course gives you the professional and problem-solving skills for a range of high-level careers.
             

              This interdisciplinary masters will be taught by the Schools of Computer Science and Mathematical Sciences. Our academics conduct their own international-quality research. They use this to teach you the latest techniques and technologies in this field.
             

              Develop your knowledge in key topics such as statistical modelling, machine learning and advanced algorithms. We offer a range of flexible optional modules. This allows you to study a topic that interests you."	September	Please see the university website for further information on fees for this course.	MSc	1 year full-time	Nottingham	United Kingdom	On Campus	https://www.findamasters.com/masters-degrees/course/data-science-msc/?i338d846c56384
