Construction Project Management (PgCert/PgDip/MSc)	Robert Gordon University	Robert Gordon University	Full time & Part time	"This fully accredited MSc Construction Project Management degree will develop your technical, managerial and interpersonal skills necessary for the management of complex construction projects. This industry-driven course equips you with the competencies needed to meet the challenges of today’s technologies, working relationships and project-related risks.
             

              The course will provide you with the opportunities to pursue your own personal objectives in the areas of management, procurement and construction law, accounting management and consultancy and research in the architecture, engineering and construction sector. It is suitable if you are either an experienced practitioner in the industry or are just starting out your career."	September, January	Please see the university website for further information on fees for this course.	"PGDip
            
            ,
            
             MSc
            
            ,
            
             PGCert"	12-16 months full-time; 36 months part-time	Aberdeen	United Kingdom	On Campus	https://www.findamasters.com/masters-degrees/course/construction-project-management-pgcert-pgdip-msc/?i200d3681c15372
