Data Science MSc	Teesside University	Teesside University	Full time & Part time	"Data scientists use a range of computational and statistical techniques to unlock insight from data and solve complex problems. This emerging profession sits at the cutting-edge of computer science and graduates are increasingly in demand from industry.
              


              This innovative data science course equips you with the specialist skills and knowledge to make an immediate and meaningful contribution to a range of industry environments.
             

              You are taught by expert staff from our machine intelligence research group, ensuring that you have access to the very latest thinking from the field of data science. You have the opportunity to contribute to live research and to progress from postgraduate study to postdoctorate research."	September, January	Please see the university website for further information on fees for this course.	MSc	See programme description	Middlesbrough	United Kingdom	On Campus	https://www.findamasters.com/masters-degrees/course/data-science-msc/?i235d416c54172
