MSc Coaching Science in Sport	University College Dublin	University College Dublin	Full time & Part time	"Graduate Taught (level 9 nfq, credits 90)
             

              In this MSc programme you will learn about the cutting-edge science that underpins diverse aspects of coaching, e.g. tapering and peaking to optimise performance, the coach-athlete relationship, performance and notational analysis in sport. You will also undertake original research of your own on a topic that is relevant to you.
              

                Critical evaluation of academic knowledge
               

              and its practical application is a distinctive feature of this advanced programme."	September	Please see the university website for further information on fees for this course.	MSc	Full-time: 1 year; Part-time: 2 years	Dublin	Ireland	On Campus	https://www.findamasters.com/masters-degrees/course/msc-coaching-science-in-sport/?i272d8470c61624
