Biotechnologies for food science	University of Padua	University of Padua	Full time	"The
              
               Master’s degree in Biotechnologies for Food Science
              
              explores how to produce healthier and safer food following a cross-cutting, farm/field-to-fork approach. Theoretical lessons are mixed with practical training, offering hands-on experience in advanced DNA, RNA, and protein analysis together with lab sessions in bioinformatics. Focused on the application of innovative biotechnological methodologies in food production and safety, it is the ideal connection between the requests of consumers and producers in the agri- food sector and the research applied to production and food-safety."	October	Our tuition fees will not exceed 2700 euros per year. Scholarship and fee waivers are available for international students, for more information visit our website	MSc	2 years	Padua	Italy	On Campus	https://www.findamasters.com/masters-degrees/course/biotechnologies-for-food-science/?i1283d6758c70408
