Data Science for Economics MSc	University of Liverpool	University of Liverpool	Full time	"MSc Data Science for Economics is an excellent opportunity for students who wish to pursue a career requiring a sophisticated understanding of the way data is used in businesses and utilising state-of-the-art analytical skills to solve problems.
             

              INTRODUCTION
             

              Data is everywhere in the modern economy and businesses are seeking talented new recruits to leverage it. The ability to extract, handle, and analyse large amounts of data is a key skill at the modern company to unlock the potential of firms."	September	UK fees (applies to Channel Islands, Isle of Man and Republic of Ireland) Full-time place, per year - £12,000 International fees Full-time place, per year - £22,000	MSc	1 year full time	Liverpool	United Kingdom	On Campus	https://www.findamasters.com/masters-degrees/course/data-science-for-economics-msc/?i326d923c69490
