DDM International Development Economics	University of Groningen	University of Groningen	Full time	"Progress in ICT has enabled firms to reorganise production processes on a global scale. What does it imply for income and employment in advanced and developing countries?
             

              In the double degree with the University of Göttingen, Germany, you will obtain specialised knowledge of international markets and the global interconnections between national economies. What are the consequences of globalisation for the socioeconomic and institutional differences between countries and what roles do multinational companies play in this respect?
             

              You will learn to apply the tools of modern economic analysis to issues of development policy and to communicate effectively with researchers, policymakers and practitioners on development issues."	September	Please see the university website for further information on fees for this course.	"MSc
            
            ,
            
             MA"	2 years full time	Groningen	Netherlands	On Campus	https://www.findamasters.com/masters-degrees/course/ddm-international-development-economics/?i1114d7097c37452
