Development Economics - MSc	University of Sussex	University of Sussex	Full time & Part time	"Gain a rigorous training in economics and development, and develop a thorough understanding of a wide range of economic theories, concepts and methods of analysis. Become a policy-oriented development economist in government, international development organisations, consultancies or prepare for PhD study.
             

              On this course, you’ll benefit from our applied approach to teaching and research. You’ll engage in current debates, work with real data and begin to appreciate the nuances around economic problems and policies. There’s a particular focus on circumstances where markets are not well developed, institutions are weak or contested, or where high-quality data is scarce.
             

              You’ll learn to:"	September	Find the specific fees for your chosen programme on the website	MSc	1 year full time, 2 years part time	Brighton	United Kingdom	On Campus	https://www.findamasters.com/masters-degrees/course/development-economics-msc/?i356d4272c16339
