Accounting, Financial Management and Digital Business - MSc	University of Reading	University of Reading	Full time	"Embark on a professional accounting career with academic grounding.
              


              The MSc programme is distinctive in its international flavour. It focuses on the international business concepts needed for analysing global business challenges. Offering a critical understanding of current management theories and global accounting practices, it also covers issues relating to international strategic management, plus managing people and organisations. Additionally, it includes global financial reporting, corporate governance, ethics and the fundamentals of marketing."	September	Please see the university website for further information on fees for this course.	MSc	1 year full time	Reading	United Kingdom	On Campus	https://www.findamasters.com/masters-degrees/course/accounting-financial-management-and-digital-business-msc/?i345d4286c351
