Cyber Security, Threat Intelligence and Forensics - MSc/PGDip	University of Salford	University of Salford	Full time & Part time	"Data security breaches are on the rise, but you can be part of the solution. With our Cyber Security, Threat Intelligence and Forensics postgraduate degree, you can expand your existing computing knowledge, and develop an applied skill set, ready to build a career in this exciting, in-demand intelligence field.
             

              Available with full and part-time study routes starting each January and September, this
              

                Chartered Institute for IT (BCS)
               



              accredited course will provide you with both a specialist cyber security knowledge base and real-world skills, so you are ready to fight cyber crime."	September, January	Please see the university website for further information on fees for this course.	"MSc
            
            ,
            
             PGDip"	1 year Full-time; 3 years Part-time	Manchester	United Kingdom	On Campus	https://www.findamasters.com/masters-degrees/course/cyber-security-threat-intelligence-and-forensics-msc-pgdip/?i347d44c44013
