Data Analytics for Government MSc	University of Southampton	University of Southampton	Full time & Part time	"Develop the specialist skills and knowledge to carry out official statistics work on this flexible Data Analytics for Government MSc at the University of Southampton. Learn the survey methods and social data analysis skills to work for the UK government, an overseas government, or a non government organisation conducting large-scale statistical or analytical work.
              


              This UK social data science master’s course is ideal if you are currently working in official statistics or the
              
               Government Statistical Service (GSS)
              
              . You can choose to study part-time over 2 to 5 years or full-time over 1 year.
             

              You'll strengthen and update your professional skills and knowledge of survey methods, data science and data analysis."	September	A variety of scholarships, grants and bursaries may be available to help you fund your study. Please see the university website for further information on fees for this course.	MSc	1 year full-time / 2-5 years part-time	Southampton	United Kingdom	On Campus	https://www.findamasters.com/masters-degrees/course/data-analytics-for-government-msc/?i349d6917c53777
