Biotechnology - MSc	Aberystwyth University	Aberystwyth University	Full time	"MSc Biotechnology within the Institute of Biological, Environmental and Rural Sciences (IBERS) provides you with key skills, specialist knowledge and essential training for a career in industrial or academic bioscience. Increasingly, biotechnology companies are recruiting Masters students with specialised skills to perform jobs previously the reserve of Doctorate level scientists.
             

              At the end of the course you will be able to meet the challenges of biotechnology, demonstrate critical thinking and solve problems, exploit opportunities, and know how ideas can be turned into viable businesses or a successful grant application.
             


               Why study Biotechnology at"	September	Please see the university website for further information on fees for this course.	MSc	1 year full-time	Aberystwyth	United Kingdom	On Campus	https://www.findamasters.com/masters-degrees/course/biotechnology-msc/?i3d2974c47160
