Medical Affairs MSc	King’s College London	King’s College London	Full time & Part time	"Work towards a career engaging with the wider medical community on core issues related to medicines.
              


              Here at King’s, you’ll have access to some of the world’s top minds in pharmaceutical medicine to help you understand the development, commercialisation and regulation of medicines and how to engage with healthcare professionals and support their education.
             

              You’ll study alongside current industry employees and learn directly from leading industry figures. Learning medical affairs in this exclusive format will put you in an excellent position for a rewarding career in this sector of growing importance within the pharmaceutical industry. Currently, the number of vacancies is rising 15% a year."	See Course	Please see the university website for further information on fees for this course.	MSc	Full-time: one year, part-time: two – six years	London	United Kingdom	On Campus	https://www.findamasters.com/masters-degrees/course/medical-affairs-msc/?i132d4846c63492
