Defence and Security Programme (Engineering)	Cranfield University	Cranfield University	Part time	"The Defence and Security Programme
              
              offers three degree streams to provide blended, flexible education suitable for a range of learners engaged in the complex, evolving defence and security environment.
             

              Who is it for?
             

              This course is intended for the following range of students:"	September	MSc Part-time £25,000 PgDip Part-time £19,000 PgCert Part-time £5,000 MSc Capstone Part-time £10,000 PgCert Capstone Part-time £5,000	"MSc
            
            ,
            
             PGDip
            
            ,
            
             PGCert"	MSc: three years, PgDip and PgCert: two years	Bedford	United Kingdom	Online	https://www.findamasters.com/masters-degrees/course/defence-and-security-programme-engineering/?i50d8485c55823
