MSc Civil Engineering and Management	University of Sheffield	University of Sheffield	Full time	"This academically rigorous, multidisciplinary course will build your technical civil engineering expertise and management skills. We'll empower you to manage sustainable and complex construction projects and become a future leader in the modern construction industry.
              


              Being able to manage complicated civil engineering systems efficiently is an important part of industrial practice, especially in light of the global push to reduce carbon emissions.
             

              This course integrates a strong technical background with the fundamentals of construction management. The management aspects have a strong contextual grounding in the civil and structural engineering profession, which will be taught via directly applicable examples."	September	Please see the university website for further information on fees for this course.	MSc	1 year full-time	Sheffield	United Kingdom	On Campus	https://www.findamasters.com/masters-degrees/course/msc-civil-engineering-and-management/?i348d601c58073
