Design and Digital Media MSc	University of Edinburgh	University of Edinburgh	Full time & Part time	"Programme description
             

              The Design and Digital Media programme offers opportunities for you to develop skills and insights in the creative use of design practices and technologies for digital media across a range of uses and platforms. Based in a lively, collaborative environment, the programme provides a critical and reflective framework to explore practice-led design and digital media in commercial, cultural and social contexts.
             


               What will I study?
              


              Digital media technology is at the heart of modern life. At work, in education, in leisure and entertainment, even in sport, digital tools and devices are everywhere. How we communicate, our social life, the core of our society, is now based on digital media."	September	Tuition fees vary between degree programmes. Find the specific fees for your chosen programme on our website.	MSc	1 year full-time or 2 years part-time	Edinburgh	United Kingdom	On Campus	https://www.findamasters.com/masters-degrees/course/design-and-digital-media-msc/?i300d1325c30175
