Biomedical Sciences - Cancer Biology MSc	University of Westminster	University of Westminster	Full time & Part time	"Our Biomedical Sciences (Cancer Biology) MSc has been designed to provide knowledge of aspects of cancer. Improved global life expectancy has resulted in a cancer epidemic. It is recognised that early and accurate diagnosis is an essential aspect of the administration of increasingly expensive and tailored cancer treatment care plans. Modern diagnostic pathways and treatments are in turn informed by research.
              


              The Biomedical Sciences (Cancer Biology) MSc course has been devised to provide knowledge of key aspects of this important area of disease."	September	Please see the university website for further information on fees for this course.	MSc	Full-time: 1 year; Part-time: 2 years	London	United Kingdom	On Campus	https://www.findamasters.com/masters-degrees/course/biomedical-sciences-cancer-biology-msc/?i371d178c22683
