Control Systems Engineering	University of Padua	University of Padua	Full time	"The
              
               Master’s degree in Control Systems Engineering
              
              aims at training engineers with the ability to model, analyze and control the behavior of a wide array of robotics, industrial, financial, biological and information systems and networks. Particular emphasis is placed on learning and design methods that employ the best available data analysis, artificial intelligence and optimization methods."	October	Our tuition fees will not exceed 2700 euros per year. Scholarship and fee waivers are available for international students, for more information visit our website.	MSc	2 years	Padua	Italy	On Campus	https://www.findamasters.com/masters-degrees/course/control-systems-engineering/?i1283d7794c59494
