Criminal Investigation MSc	Teesside University	Teesside University	Full time & Part time	"The MSc Criminal Investigation develops your knowledge of contemporary theory and practices in criminal investigation, relevant legislation, and information relating to criminal justice studies and criminal law.
              


              The student-centred nature of teaching and assessment allows you to tailor your studies to your own areas of personal or professional interests. The dissertation module particularly enables extended research in a related area specific to your interests or career requirements.
             

              Course modules focus both on practical investigative guidance and procedures, and current perspectives and requirements in law. The teaching team draw on their specific research interests to deliver enhanced knowledge and appreciation of the module content."	January, September	Please see the university website for further information on fees for this course.	MSc	1 Year Full Time / 2 Years Part Time	Middlesbrough	United Kingdom	On Campus	https://www.findamasters.com/masters-degrees/course/criminal-investigation-msc/?i235d419c46155
