Biomedical Studies (Distance Learning) MSc	London Metropolitan University	London Metropolitan University	Part time	"Why study this course?
             

              This Biomedical Studies (Distance Learning) MSc is a flexible online course designed to help you undertake Continuing Professional Development (CPD), top-up your qualifications or progress to a postgraduate qualification in biomedical science. This course is ideal if you are already working in a biomedical science environment.
             

              More about this course
             

              Our Biomedical Studies (Distance Learning) MSc is delivered online via our Virtual Learning Environment (VLE)
              
               Weblearn
              
              so you can sign up for one module at a time, allowing you to stay flexible and maintain your work commitments."	September, January	Please see the university website for further information on fees for this course.	MSc	Part-time distance learning 2 years	London	United Kingdom	Online	https://www.findamasters.com/masters-degrees/course/biomedical-studies-distance-learning-msc/?i149d7552c45882
