Biotechnology - MSc	University of Glasgow	University of Glasgow	Full time	"Watch our latest Ask your academic webinar to find out more about this programme.
              



               Help solve real world problems with advanced practical knowledge underpinning modern biotechnology and molecular genetic technologies.
              


              The aim of this programme is to train you in a broad range of topics including environmental biotechnology, synthetic biology, plant engineering, stem cell therapies and vaccine development."	September	Please see the university website for further information on fees for this course.	MSc	1 year full-time	Glasgow	United Kingdom	On Campus	https://www.findamasters.com/masters-degrees/course/biotechnology-msc/?i307d4814c21558
