DDM Central-East European Economies	University of Groningen	University of Groningen	Full time	"Are you interested to learn about the links between economic transformation and integration, and international economics?
             

              The degree programme is offered jointly by the University of Groningen, the Netherlands and Corvinus University in Budapest, Hungary.
             

              For a career in international management or public policy, you have to understand the trends in the world economy, including the European Community and the CEE region. Topics of the programme range from international trade and investment to the consequences of globalisation for strategic decision-making, in particular trade and capital, flows in relation to multinational enterprises, and the socio-economic and institutional differences between countries, with a special focus on the CEE-region."	September	Please see the university website for further information on fees for this course.	"MSc
            
            ,
            
             MA"	2 years full time	Groningen	Netherlands	On Campus	https://www.findamasters.com/masters-degrees/course/ddm-central-east-european-economies/?i1114d7097c37451
