Cyber Security - MSc	University of West London	University of West London	Full time & Part time	"As demand for cyber security professionals in the UK and worldwide continues to surge, this course will prepare you for the challenge of keeping IT environments safe and secure in a world where data is constantly under attack.
              


              This course will give you a broad understanding of the latest practice and techniques for cyber security systems development and operations.
             

              You will be able to analyse the legal, social, ethical and professional issues involved in the human aspects of cyber security and be guided by the adoption of appropriate professional, ethical and legal practices."	January, September	Please see the university website for further information on fees for this course.	MSc	1 year full-time; 2 years part time	London	United Kingdom	On Campus	https://www.findamasters.com/masters-degrees/course/cyber-security-msc/?i237d3554c33762
