Creative Technologies MSc	University of Portsmouth	University of Portsmouth	Full time & Part time	"Overview
             

              Boost your existing skill set with this one year, bespoke MSc Creative Technologies degree course, where you can choose to specialise in computer games technology, computer animation, or music technology.
             

              You'll master the design and application of new hardware, software and techniques used in creative and innovative technology. You'll design, create and manage a media development or research programme. You'll also learn to address research problems and apply your skills to advancing the creative technology industry."	September	Please see the university website for further information on fees for this course.	MSc	1 year full time, 2 years part time	Portsmouth	United Kingdom	On Campus	https://www.findamasters.com/masters-degrees/course/creative-technologies-msc/?i343d756c47790
