Data Science & Analytics MSc	University College Cork	University College Cork	Full time	"Our MSc in Data Science & Analytics, jointly offered by the
              
               School of Computer Science and Information Technology
              
              and the Department of Statistics, provides an education in the key principles of this rapidly expanding area. The combination of sophisticated computing and statistics modules will develop your skills in database management, programming, summarisation, modelling, data visualisation, and interpretation of data. The programme provides graduates with an opportunity, through the development of a research project, to investigate the more applied elements of the disciplines.
             

              Modules
             

              Further details on the modules can be found in our
              
               Book of Modules
              
              . Any modules are indicative of the current set of modules for this course but are subject to change from year to year."	September	The EU fee for this course is €7,130. The Non-EU fee for this course is €18,500.	MSc	1 year full time	Cork	Ireland	On Campus	https://www.findamasters.com/masters-degrees/course/data-science-and-analytics-msc/?i271d6360c29508
