Cybercrime (Distance Learning) MSc	University of Portsmouth	University of Portsmouth	Part time	"Overview
             


               Cybercrime
              
              is the term applied to criminal and harmful behaviours that are facilitated through the use of digital technologies, or that only occur due to the existence of such tools.
             

              Unfortunately, as more people and services turn to digital technologies, the growing risk of cybercrime is exposing a shortfall in qualified professionals who realise that humans are at the heart of this issue. If you hold a keen interest in understanding and addressing the behavioural and social elements that motivate such actions, you may be well-suited for a career in this field."	September, January	Please visit for details: Please see the university website for further information on fees for this course.	MSc	2 years part time	Portsmouth	United Kingdom	Online	https://www.findamasters.com/masters-degrees/course/cybercrime-distance-learning-msc/?i343d744c62871
