Data Science (PGCert/PGDip/MSc) - online	University of St Andrews	University of St Andrews	Full time	"The Data Science course develops core skills in data science, covering a mix of practical and theoretical issues integral to careers in many data driven sectors. You will learn how to approach real-world data problems and how to apply your skills in critical thinking, problem solving and analysis.
             

              Course details
             

              The Data Science course is an online self-paced programme, with options to study for a PGCert, PGDip and an MSc."	September, January	MSc (three years) £18,000 (charged £6,000 per year of study) PG Dip (two years) £12,000 (charged £6,000 per year of study) PG Cert (one year) £6,000	"PGCert
            
            ,
            
             PGDip
            
            ,
            
             MSc"	3 years full time	St Andrews	United Kingdom	Online	https://www.findamasters.com/masters-degrees/course/data-science-pgcert-pgdip-msc-online/?i350d541c70522
