Criminology & Criminal Justice - MSc/PgDip	University of Glasgow	University of Glasgow	Full time & Part time	The Masters in Criminology & Criminal Justice will help you to better understand the harms and conflicts that we criminalise and penalise, the harms and conflicts that criminalisation and penalisation cause, and how we might develop responses which could create fairer and safer societies rather than exacerbating social inequalities.	September	Please see the university website for further information on fees for this course.	"PGDip
            
            ,
            
             MSc"	1 year full-time; 2 years part-time	Glasgow	United Kingdom	On Campus	https://www.findamasters.com/masters-degrees/course/criminology-and-criminal-justice-msc-pgdip/?i307d4959c21527
