Cyber Security MSc	Buckinghamshire New University	Buckinghamshire New University	Full time	"Our MSc in Cyber Security will help you develop a deep understanding of how to analyse and protect variant system’s application against threats and risks, putting you at a competitive advantage when applying for any cyber security roles.
              



               Buckinghamshire New University has strong expertise in the security industry and our academics are experienced industry professionals. You will also benefit from our specialist computing suite on our High Wycombe"	September	Please see the university website for further information on fees for this course.	MSc	1 year	High Wycombe	United Kingdom	On Campus	https://www.findamasters.com/masters-degrees/course/cyber-security-msc/?i29d5343c53499
