Data Science and Analytics with Advanced Research - MSc	University of Hertfordshire	University of Hertfordshire	Full time	"Why choose Herts?
             


               Industry Accreditation: BCS accreditation will be sought once this award has its first group of graduates in 2020.
              

               Work Placement Opportunities: You have a one-year industry placement option enabling you to gain real industry experience.
              

               Employment Prospects: Graduates in our department are now data scientists, data engineers, and data analytics consultants working for organisations including BT, IBM, and Microsoft.
              


              About the course
             

              The School has a strong international reputation for research in this area and this expertise influences this course which explores current research and practice in data science and analytics, extending your knowledge and understanding of the principles and practice of obtaining data from various sources, the essential methods for pre-processing and cleaning data, data analytics and modelling. This MSc can lead to a career such as a data scientist."	See Course	UK Students Full time: £9450 for 2022/2023 and 2023/2024 inclusive EU/International Students Full time: £16500 for 2022/2023 and 2023/2024 inclusive	MSc	2 years full time	Hatfield	United Kingdom	On Campus	https://www.findamasters.com/masters-degrees/course/data-science-and-analytics-with-advanced-research-msc/?i313d64c65445
