Data Science and Public Policy (Political Science) MSc	University College London	University College London	Full time	"Register your interest in graduate study at UCL
               



              UCL's MSc Data Science and Public Policy, co-taught by UCL Economics and Political Science, will equip a new generation of policymakers to solve the biggest problems in today's society through data science."	September	Full time - £32,100	MSc	1 year full time	London	United Kingdom	On Campus	https://www.findamasters.com/masters-degrees/course/data-science-and-public-policy-political-science-msc/?i274d5872c70252
