Data and Artificial Intelligence Ethics MSc	University of Edinburgh	University of Edinburgh	Full time & Part time	"Programme Description
             

              This programme meets the urgent demand for interdisciplinary skills and knowledge in the ethical design, use and governance of artificial intelligence and other data-intensive technologies.
             

              Today, many organisations and sectors that work with artificial intelligence (AI) and data-intensive applications are missing the distinctive expertise in their technical and policy/governance workforce needed to answer society’s ethical demands for responsible technology use, which increasingly goes beyond mere legal compliance."	September	Tuition fees vary between degree programmes. Find the specific fees for your chosen programme on our website.	"PGCert
            
            ,
            
             PGDip
            
            ,
            
             MSc"	1 year full-time or 2 years part-time	Edinburgh	United Kingdom	On Campus	https://www.findamasters.com/masters-degrees/course/data-and-artificial-intelligence-ethics-msc/?i300d8704c69931
