Crisis and Disaster Management MSc	University of Portsmouth	University of Portsmouth	Full time & Part time	"Overview
             

              This course offers an exciting opportunity to learn about environmental and manmade hazards, vulnerability and risk, planning and logistics, disaster response and crisis management. You’ll develop your skills as a confident, professional emergency planner and responder, able to manage people and situations in the field.
             

              Uniquely to Portsmouth, students take part in
              
               SIMEX
              
              – the UK’s largest annual international disaster response simulation exercise – for responders and agencies to practise and learn from disaster response."	September	Please see the university website for further information on fees for this course.	MSc	1 year full time, 2 years part time	Portsmouth	United Kingdom	On Campus	https://www.findamasters.com/masters-degrees/course/crisis-and-disaster-management-msc/?i343d750c16625
