Consumer Behaviour MSc	Università Cattolica del Sacro Cuore	Università Cattolica del Sacro Cuore		"Sustainable Development and Global Health goals cannot be achieved by technological development alone.
             

              We want to train a new generation of psychologists specialised in bridging the gap between science and society. Psychology and Social Sciences are crucial for behaviour change and acceptance of innovation in food and health sciences.
             

              The following are the learning objectives of the degree in detail:"	September	Please see the course page for further information.	MSc	2 years	Milan	Italy	On Campus	https://www.findamasters.com/masters-degrees/course/consumer-behaviour-msc/?i259d5305c72079
