Decommissioning MSc (Online)	Aberdeen University	Aberdeen University	Part time	This is an online delivery of the on- campus degree which you can take flexibly part time whilst you work anywhere in the world. The degree comes from University of Aberdeen and a city which is headquarters to the European oil and gas industry. Teaching comes from research expertise worldwide within the oil and gas industry.	September, January	View your programme page to find out about fees Find out about fees: abdn.ac.uk/study/international/tuition-fees-and-living-costs-287.php	"MSc
            
            ,
            
             Other"	5 Months or 27 Months depending on qualification	Aberdeen	United Kingdom	Online	https://www.findamasters.com/masters-degrees/course/decommissioning-msc-online/?i2d4439c49867
