Design for Public Space (Specializing Master)	POLI.design, Società consortile a responsabilità limitata	POLI.design, Società consortile a responsabilità limitata	Full time	"The
              
               Specializing Master in Design for Public Spaces
              
              is a training program for public spaces designers in contemporary cities that comprehend theory, research, design and practical training. It is proposed to train professionals to be able to develop projects of scenarios, processes and forms of open spaces, symbolic places in which the community can recognize itself."	November	€12,500	"MA
            
            ,
            
             MSc"	13 months	Milan	Italy	On Campus	https://www.findamasters.com/masters-degrees/course/design-for-public-space-specializing-master/?i191d5016c29265
