Criminal Investigation - MSc	University of Central Lancashire	University of Central Lancashire	Full time & Part time	"Our MSc Criminal Investigation course is designed to equip you with the practical skills and knowledge you’ll need to become a professional crime investigator, or someone who’s responsible for managing serious and complex cases.
             

              How to you go about solving a complex murder case? Or conducting a fraud investigation?
             

              On this course you’ll develop the advanced skills and techniques you’ll need to apply when conducting a criminal investigation, including research methods, presenting information, solving problems and working independently or as part of an investigative team."	September	Please see the university website for further information on fees for this course.	MSc	1 year full time, 3 years part time	Preston	United Kingdom	On Campus	https://www.findamasters.com/masters-degrees/course/criminal-investigation-msc/?i291d3398c62776
