Biopharmaceutical Management - MS	ESCP Business School (London Campus)	ESCP Business School (London Campus)	Full time	"The aim of the
              
               ESCP Business School Specialised Master in Biopharmaceutical Management
              
              is to prepare future managers of pharmaceutical, medical consulting and biotechnology companies for immediate insertion into a professional environment that is currently undergoing dramatic changes.
             

              Internationalisation and increased reliance on new information technologies are its hallmarks."	See Course		MSc	1 year full time	London	United Kingdom	On Campus	https://www.findamasters.com/masters-degrees/course/biopharmaceutical-management-ms/?i80d5471c53115
