Contract Design  (Specializing Master)	POLI.design, Società consortile a responsabilità limitata	POLI.design, Società consortile a responsabilità limitata	Full time	"Contract Design represents a specific sector of professional applications relating to the design, management and organisation of resources helpful in realising internal and external spaces with specific intended uses. Its objective is to improve the individual well-being of users, and the relations with other users and operators in those spaces, considering all their needs.
             

              Contract projects are mainly diffused in the Office/Workplaces, Retail, Real Estate, Hospitality, Culture, Marine sectors, and are broadening to include new types of internal and external spaces and ways of using them."	February	€14.500	"MSc
            
            ,
            
             MA"	-	Milan	Italy	On Campus	https://www.findamasters.com/masters-degrees/course/contract-design-specializing-master/?i191d5016c72037
