Cybersecurity in Computer Science (MSc)	George Washington University	George Washington University	Full time & Part time	"The Master of Science in Cybersecurity in Computer Science is designed to meet the fast-growing need for technical cybersecurity experts in national and international organizations, both in the public and private sectors.
             

              With GW's central location in the nation's capital, students can expect to acquire up-to-date skills in protecting computer systems from cyberattacks, while also learning the policy implications of such techniques.
             

              Students take a combination of core courses focusing on the design and analysis of algorithms, computer architectures and advanced software paradigms. These are combined with courses on security (ex. applied cryptography, computer network defense, etc.) and elective courses chosen based on the student's interests."	See Course	Please see the university website for further information on fees for this course.	MSc	2 years full time, 3 years part time	Washington DC	USA	On Campus	https://www.findamasters.com/masters-degrees/course/cybersecurity-in-computer-science-msc/?i2474d7926c52525
