Biomedical Sciences: Online MSc/PGDip/PGCert	University of Greenwich	University of Greenwich	Part time	"This online Biomed course allows health sector workers to study the latest developments in biomedical science and healthcare management while boosting their own professional development.
             

              Our Biomedical Science course is aimed at health sector employees who want to keep up-to-date with latest developments in biomedical science, healthcare management and related subjects. The course is managed by a consortium of NHS Trusts, Pathology Joint Ventures, Public Health England and the University of Greenwich. The modules are approved for continuing professional development (CPD) by the Institute of Biomedical Science (IBMS), the leading body for current practitioners in the field."	April, October	Please see the university website for further information on fees for this course.	"MSc
            
            ,
            
             PGDip
            
            ,
            
             PGCert"	1-7 distance learning	London	United Kingdom	Online	https://www.findamasters.com/masters-degrees/course/biomedical-sciences-online-msc-pgdip-pgcert/?i309d8786c35112
