Dementia Studies MSc (Online)	University of Stirling	University of Stirling	Part time	With the number of people living with dementia across the world expected to double in the next 20 years, this innovative e-learning course has been developed to provide you with an in-depth, research-based knowledge of dementia and approaches to supporting people with dementia. It’s designed for professionals already working in the field and carers/volunteers who are supporting people with dementia. Our online course can be studied from anywhere in the	September, January	Please see the university website for further information on fees for this course.	"MSc
            
            ,
            
             PGDip
            
            ,
            
             PGCert"	36 months	Stirling	United Kingdom	Online	https://www.findamasters.com/masters-degrees/course/dementia-studies-msc-online/?i352d8078c11886
