Demography MSc	University of Southampton	University of Southampton	Full time & Part time	"Demography is the study of human populations, their size, density and distribution. Discover how to gather and analyse demographic data and population change on our MSc Demography degree. You’ll explore historical and current population trends in developing and developed countries and the social and economic impact of demographic change.
              


              Graduate with the quantitative analysis skills to support social policy-making across a range of sectors.
             

              Understanding demographic change helps strategic decision-making across a range of sectors. From health and social care to local and national government and international organisations. It’s also an important way to inform market research."	September	A variety of scholarships, grants and bursaries may be available to help you fund your study, both from the University and from other organisations. Please see the university website for further information on fees for this course.	MSc	1 year full-time / 2 years part-time	Southampton	United Kingdom	On Campus	https://www.findamasters.com/masters-degrees/course/demography-msc/?i349d6917c3551
