Criminal Investigation-MSc	Canterbury Christ Church University	Canterbury Christ Church University		"The MSc in Criminal Investigation develops your knowledge of key aspects of contemporary criminal investigation.
             

              We live in a world where issues in criminal investigation take centre stage in the media - just think of cases like that of Sarah Everard or Liam Allen. Throughout this course, you will be able to gain a thorough understanding of best practice and challenges of known but also lesser-known topics, through a combined academic and practitioner perspective.
             

              It is available as a full time, as well as part time course, suitable for current professionals and new entrants into the area of criminal investigation alike."	September	Full time UK £8,655 Overseas £14,500 Part-time UK £4,330	MSc	1 year full time, 2 years part time	Canterbury	United Kingdom	On Campus	https://www.findamasters.com/masters-degrees/course/criminal-investigation-msc/?i32d2710c71542
