Data Science (PgCert/PgDip/MSc)	Robert Gordon University	Robert Gordon University	Full time & Part time	"The MSc Data Science degree at Robert Gordon University will equip you with the knowledge and skills to design and implement computer-analytics and visualisation solutions across a range of industries.
             

              With an emphasis on Big Data, you will gain an understanding of the needs of businesses and how to manage the requirements in this emerging international area of focus for companies, governments and economies.
             

              The course focuses on Big Data, traditional and unconventional data management including acquisition, storage, warehousing, analytics and visualisation tools and techniques. You’ll put these skills into practice in our state-of-the-art facilities."	September, January	Please see the university website for further information on fees for this course.	"MSc
            
            ,
            
             PGCert
            
            ,
            
             PGDip"	12-17 months full-time; 28-36 months part-time	Aberdeen	United Kingdom	On Campus	https://www.findamasters.com/masters-degrees/course/data-science-pgcert-pgdip-msc/?i200d2092c41498
