Corporate Brand Management MSc	Brunel University London	Brunel University London	Full time	"Ask Brunel
               



              In today’s business landscape, brand is everything. But what exactly is brand and how do we manage it for the best possible outcome? Brunel’s Corporate Brand Management MSc examines the importance of branding, corporate identity, image and reputation.
             

              You will study a wide-range of brands (e.g. product, service, personal, company) from a variety of cultures and sectors (private, public and not-for-profit) including start-ups, SMEs, and multinationals. You will also study how corporate branding is key to an organisation’s overall marketing strategy."	January, September	Please see the university website for further information on fees for this course.	MSc	Full time: 1-2 years	London	United Kingdom	On Campus	https://www.findamasters.com/masters-degrees/course/corporate-brand-management-msc/?i28d2737c8689
