Criminal Justice and Criminology - MSc	University of Leeds	University of Leeds	Full time	"Develop advanced knowledge in the study of criminal justice processes and criminological theory.
              



               Delivered by academics from the Centre for Criminal Justice Studies in one of the leading law schools in the UK, the course will develop a critical awareness of social research methods and skills used to undertake real-world research on crime and criminal justice.
              


              You’ll develop an in-depth understanding of the nature, purposes, dynamic processes and outcomes of the criminal justice process. A wide range of optional modules will allow you to tailor your degree to your own particular interests.
             

              Throughout the course, we’ll encourage you to:"	September	UK: £12,500 (Total) International: £26,500 (Total)	MSc	1 year full time	Leeds	United Kingdom	On Campus	https://www.findamasters.com/masters-degrees/course/criminal-justice-and-criminology-msc/?i321d1028c33953
