MSc Cyber Security	University of Liverpool	University of Liverpool	Part time	"Gain a comprehensive and critical understanding of the theory and techniques of cyber security and how to apply them to real-world situations with this part-time, fully online
              
               Cyber Security MSc
              
              from the
              
               University of Liverpool
              
              .
             

              This specialist degree will build your ability to research, design, implement and deploy creative cyber security solutions. Graduates will be equipped with all the tools needed to take up a rewarding career in this fast-growing sector which is currently suffering from a significant skills shortage.
             


               The programme is accredited by the BCS, The Chartered Institute for IT, for the purposes of meeting the further learning academic requirement for registration as a Chartered IT"	January, May	Fees for the academic year 2022/23 MSc: £15,300 PGDip: £10,200 PGCert: £5,100 Fees for the academic year 2023/24 MSc: £16,065 PGDip: £10,710 PGCert: £5,355	"MSc
            
            ,
            
             PGDip
            
            ,
            
             PGCert"	2.5 years	Liverpool	United Kingdom	Online	https://www.findamasters.com/masters-degrees/course/msc-cyber-security/?i326d8583c65051
