Cyber Security and Forensics MSc	University of Westminster	University of Westminster	Full time & Part time	"Computers are central to all aspects of our daily lives; as industries ranging from communications to banking have come to rely on them, the need for improved computer security has never been greater. This course focusses on two aspects of Cyber Security: analysis and assessment of risk plus how to minimise it, and, how to extract and use digital information from a wide range of systems and devices.
              


              The course is structured so that as well as the core modules students can choose option modules from either the Cyber Security or the Digital Forensics themes."	September	Please see the university website for further information on fees for this course.	MSc	Full-time: 1 year; Part-time: 2 years	London	United Kingdom	On Campus	https://www.findamasters.com/masters-degrees/course/cyber-security-and-forensics-msc/?i371d8440c7306
