Crime and Forensic Science MSc	University College London	University College London	Full time	"Register your interest in graduate study at UCL
               



              Forensic science is a dynamic discipline that is crucial to the investigation of crime, the collection of evidence and intelligence, and in securing justice. This multidisciplinary MSc programme offers students a unique opportunity to gain forensic science skills and methods within a holistic crime science framework."	September	Please see the university website for further information on fees for this course.	MSc	1 year full time	London	United Kingdom	On Campus	https://www.findamasters.com/masters-degrees/course/crime-and-forensic-science-msc/?i274d5242c24386
