Crime Science MSc	University College London	University College London	Full time & Part time	"Register your interest in graduate study at UCL
               



              This MSc provides students with a thorough understanding of how science and scientifically based techniques can deliver immediate and sustainable reductions in crime. The programme focuses on how to better apply science to understand crime problems, develop strategies for preventing them, and increase the probability of detecting and arresting offenders.
             

              About this degree
             

              An internationally renowned MSc that focuses on applying science to crime problems, developing strategies for preventing crime, and increasing the probability of detecting and arresting offenders."	September	Please see the university website for further information on fees for this course.	MSc	1 year full time, 5 years flexible	London	United Kingdom	On Campus	https://www.findamasters.com/masters-degrees/course/crime-science-msc/?i274d5242c20027
