Counter Terrorism and Security-MSC	Canterbury Christ Church University	Canterbury Christ Church University		"Connecting the complex terrorism landscape with a range of security threats, this course provides the opportunity for students to engage in a wide range of 21st Century issues.
             

              Understanding the challenges and risks from the threat from terrorism, what motivates terrorist activity and what the global response has been to the varied threats will be key elements of this course and will ensure that students have the knowledge and analytical skills to contribute meaningfully to solutions in these areas.
             

              We have a track record of high student satisfaction relating to our knowledge of counter-terrorism and security issues, as well as speakers directly working in the field. The course is taught and facilitated by academics, as well as professionals from varied backgrounds."	September	Full time UK £8,655 Overseas £14,500 Part-time UK £4,330	MSc	1 year full time, 2 years part time	Canterbury	United Kingdom	On Campus	https://www.findamasters.com/masters-degrees/course/counter-terrorism-and-security-msc/?i32d2710c71539
