MSc Artificial Intelligence	University of Liverpool	University of Liverpool	Part time	"Expand the horizons of intelligent systems and develop your skills in the rapidly growing sector of computer science with this part-time, fully online
              
               Artificial Intelligence MSc
              
              from the
              
               University of Liverpool
              
              .
             

              The number of industries where artificial intelligence (AI) is utilised continues to grow, as does the demand for technical specialists who are familiar with the theory and practice of building intelligent systems. Our specialist Artificial Intelligence programme will introduce you to the theory and practice of AI programming and development and explores relevant applications of the discipline across a range of industries in which you may choose to pursue a career after graduation."	January, May	Fees for the academic year 2022/23 MSc: £15,300 PGDip: £10,200 PGCert: £5,100 Fees for the academic year 2023/24 MSc: £16,065 PGDip: £10,710 PGCert: £5,355	"MSc
            
            ,
            
             PGDip
            
            ,
            
             PGCert"	2.5 years	Liverpool	United Kingdom	Online	https://www.findamasters.com/masters-degrees/course/msc-artificial-intelligence/?i326d8583c60351
