Data Science for Life Sciences	Hanze University of Applied Sciences	Hanze University of Applied Sciences	Full time	"Introduction
              


              The Data Science for Life Sciences master’s programme is for life science or IT students who want to learn how they can be part of the growing field of data science. After this master, you will possess the skills you need to facilitate and initiate innovations for life science, like programming machine learning applications and managing data storages. With this knowledge, you breach the gap between life sciences and computer technology."	September	EU/EEA students €2,314 non-EU/EEA students €8,276 (academic year 2023-2024)	MSc	18 Months	Groningen	Netherlands	On Campus	https://www.findamasters.com/masters-degrees/course/data-science-for-life-sciences/?i1696d6864c53461
