Data Analytics (with Placement) MSc	University of Huddersfield	University of Huddersfield	Full time	"This course is specifically aimed at International students, supporting those wishing to gain practical work based experiential learning. Together with studying your chosen course we are offering you the opportunity to secure a placement for an additional 6 months, making the course 18 months in length. This allows students with limited experience to put into practice the skills and techniques developed throughout the Master’s degree.
              


              Our Master's with placement course is designed to meet the demand for a new kind of IT specialist with the skills and knowledge in data science."	September	International fees : Please see the university website for further information on fees for this course.	MSc	18 months full time with placement	Huddersfield	United Kingdom	On Campus	https://www.findamasters.com/masters-degrees/course/data-analytics-with-placement-msc/?i314d1148c65664
