Counterterrorism Risk Management and Resilience MSc	Cranfield University	Cranfield University	Full time & Part time	"Overview
             

              The MSc Counterterrorism, Risk Management and Resilience is a specialist course designed particularly for students working in the risk management and risk mitigation sectors. Cranfield has a long history of specialising in Defence and Security subjects and boasts unique facilities for teaching and research in these areas. This course brings together a distinctive mix of different subjects, providing students with the fundamental knowledge, core expertise and evidence-based methodological tools and approaches necessary to understand, analyse, prevent and mitigate terrorism."	October	• MSc Full-time £11,330 • MSc Part-time £11,330 • PgDip Full-time £9,075 • PgDip Part-time £9,075 • PgCert Full-time £5,665 • PgCert Part-time £5,665 * Fees can be paid in full up front, or in equal annual installments.	"PGDip
            
            ,
            
             PGCert
            
            ,
            
             MSc"	Part-time: 2 years (PgDip and PgCert) or 3 years (MSc).	Bedford	United Kingdom	On Campus	https://www.findamasters.com/masters-degrees/course/counterterrorism-risk-management-and-resilience-msc/?i50d8486c57727
