Cybersecurity MSc	Teesside University	Teesside University	Full time & Part time	"Cyber security relates to the technologies, processes and controls that are designed to protect systems, networks and data from cyber attacks. Graduates who understand the practices that underpin secure computer systems are in great and ever-growing demand.
              


              Our MSc Cyber Security gives you a critical understanding of information governance and assurance, combined with technology risk management practices. You learn how to explore the threat landscape and develop countermeasures for cyber security attacks. You also study security for the Internet of Things (IoT) and the security concepts and technologies used in mobile devices."	September, January	Please see the university website for further information on fees for this course.	MSc	See programme description	Middlesbrough	United Kingdom	On Campus	https://www.findamasters.com/masters-degrees/course/cybersecurity-msc/?i235d416c46173
