Data Science and Communication MSc	University of Liverpool	University of Liverpool	Full time & Part time	"The MSc in Data Science and Communication is designed for students who have an interest in the way data and data processing are shaping our communication practices as society becomes increasingly digitised. Whether you want to investigate how Big Data impacts our daily decision-making practices or learn how to create innovative communication chatbots, this MSc will provide you with the necessary means to successfully navigate the Networked Society.
             

              INTRODUCTION
             

              The programme offers state-of-the-art empirical, technical and theoretical training. You will have the opportunity to learn cutting edge computational techniques to study social behaviours at scale, alongside a deep grounding in the principles of communication studies and the social sciences."	September	UK fees (applies to Channel Islands, Isle of Man and Republic of Ireland) Full-time place, per year - £10,150 Part-time place, per year - £5,075 International fees Full-time place, per year - £21,400 Part-time place, per year - £10,700	MSc	1 year full time, 2 years part time	Liverpool	United Kingdom	On Campus	https://www.findamasters.com/masters-degrees/course/data-science-and-communication-msc/?i326d7303c64470
