MSc Aerospace Engineering	University of Sheffield	University of Sheffield	Full time	"A carefully designed conversion course for engineering graduates looking to specialise in aerospace.
              


              This is a fully immersive conversion course for engineering graduates, drawing upon expertise from six departments in the Faculties of Engineering and Science, as well as the University’s Management School. There are close ties with some of the world’s leading aerospace companies.
             

              Alongside traditional aeronautical subjects such as materials, structures, aerodynamics and propulsion necessary for the design of high-speed flight and lightweight aircraft, you'll also study concepts of systems integration and flight control. These are essential to the production of more efficient and environmentally friendly aircraft and aerospace systems."	September	Please see the university website for further information on fees for this course.	MSc	1 year full-time	Sheffield	United Kingdom	On Campus	https://www.findamasters.com/masters-degrees/course/msc-aerospace-engineering/?i348d7872c53328
