Counselling - MSc	Abertay University	Abertay University	Part time	"Develop your theoretical understanding, hone your practical skills and achieve a higher level of personal awareness and resilience by studying counselling at a postgraduate level. This MSc equips you with the skills you need to offer emotional support for people experiencing problems in their lives.
              


              Join the only Masters programme in the UK to provide comprehensive training in the pluralistic framework for counselling and psychotherapy integration. This means you’ll absorb a wide range of theories and interventions, learning how best to adapt your approach to the needs of your clients."	September	Scottish students: £7,500 Rest of the UK/Republic of Ireland: £10,000	MSc	3 years part time	Dundee	United Kingdom	On Campus	https://www.findamasters.com/masters-degrees/course/counselling-msc/?i278d3471c48671
