Dental Implantology - MClinDent	University of Central Lancashire	University of Central Lancashire	Full time	"Please note: This course is open to international students only.
              


              This Master’s in Clinical Dentistry (MClinDent) is ideal if you’re a dental professional who’s looking to gain advanced skills in implant treatment.
             

              On this course you’ll undertake authentic clinical training and education, delivered both online and face-to-face, preparing you to provide safe and appropriate treatment as part of your clinical practice. The main focus is on patient management and the delivery of appropriate, evidence-based clinical care. There are supporting modules on critical appraisal, research strategies and clinical audit."	September	Please see the university website for further information on fees for this course.	"PGDip
            
            ,
            
             MSc"	2 years full-time	Preston	United Kingdom	On Campus	https://www.findamasters.com/masters-degrees/course/dental-implantology-mclindent/?i291d1473c7006
