MSc Artificial Intelligence	University of Essex Online	University of Essex Online	Part time	"Start Dates: October
              


              In the ever-evolving modern world, traditional technology is constantly being reimagined. Become qualified in this growing field with our innovative conversion degree. This 100% online and part-time degree will provide individuals that don’t have a background in IT with the skills to work professionally in artificial intelligence (AI)."	October, January	£11,836 UK and International (2022-23) £12,167 UK / £12,428 International (2023-24) Our MSc Artificial Intelligence tuition fees includes all teaching materials and required reading. There aren't any hidden charges for assessments or resits!	MSc	2 Years Part Time	Colchester	United Kingdom	Online	https://www.findamasters.com/masters-degrees/course/msc-artificial-intelligence/?i1268d6475c69028
