Corporate Finance (MSc)	Bayes Business School	Bayes Business School	Full time	"Who is it for?
             

              The MSc degree in Corporate Finance is designed for ambitious students with interest in the area of corporate finance. Your background is not necessarily in finance or accounting, but you have a keen interest to study corporate finance and aim for a professional career in this or a related field.
             

              You aim to work as a finance professional for an investment bank, a consulting firm, or a global corporation as a finance manager. You are interested in questions such as:"	September	Please see the university website for further information on fees for this course.	MSc	Full-time: 1 year	London	United Kingdom	On Campus	https://www.findamasters.com/masters-degrees/course/corporate-finance-msc/?i947d6040c34776
