Criminal Justice & Penal Change LLM/MSc/PgDip/PgCert	University of Strathclyde	University of Strathclyde	Full time & Part time	"Blending a rigorous understanding of fundamental theory with evidence about real world problems you’ll analyse recent innovations in theory, policy and practice.
             

              Drawing on a range of disciplinary approaches, the course will enable you to develop a rational and just response to crime.
             

              The LLM/MSc in Criminal Justice & Penal Change is unique in both its approach and its flexibility."	September	Please see the university website for further information on fees for this course.	"MSc
            
            ,
            
             LLM
            
            ,
            
             PGCert
            
            ,
            
             PGDip"	LLM/MSc: 12 months full-time, 24 months part-time PgDip: 9 months full-time, 21 months part-time	Glasgow	United Kingdom	United Kingdom	https://www.findamasters.com/masters-degrees/course/criminal-justice-and-penal-change-llm-msc-pgdip-pgcert/?i353d3072c66828
