Data Science MSc	London School of Economics and Political Science	London School of Economics and Political Science	Full time	"Ask LSE
              


              The MSc Data Science provides training in data science methods, emphasising statistical perspectives. You will receive a thorough grounding in theory, as well as the technical and practical skills of data science.
             

              Your theoretical learning will be at a high mathematical level, while the technical and practical skills you will gain will enable you to apply advanced methods of data science and statistics to investigate real world questions."	September	Please see the university website for further information on fees for this course.	MSc	12 months full-time only	London	United Kingdom	On Campus	https://www.findamasters.com/masters-degrees/course/data-science-msc/?i150d2364c45090
