MSc Business and Management (Business Analytics)	University of Essex Online	University of Essex Online	Part time	"Start Dates: September, October
              


              Increase your confidence working with data and develop your managerial skills for the fast-paced business world with this specialist MSc Business and Management (Business Analytics).
             

              MSc Business and Management (Business Analytics) Overview
             

              Data is used in all areas of business – from marketing and sales to product development to customer service and beyond. As more and more data is gathered by businesses, insightful analysis of information gathered and its application to decision making will be essential for business success. Candidates who have relevant analytics knowledge will stand out from their peers."	September, October	£11,836 UK and International (2022-23) £12,167 UK / £12,428 International (2023-24) Our MSc Business and Management (Business Analytics) course fees are fully inclusive – all teaching materials and required reading are included, and there are no hidden charges for assessments or resits.	MSc	2 years	Colchester	United Kingdom	Online	https://www.findamasters.com/masters-degrees/course/msc-business-and-management-business-analytics/?i1268d6475c57095
