Dementia - MSc/PgDip	Trinity College Dublin	Trinity College Dublin	Full time & Part time	"This M.Sc. in Dementia has been developed, in partnership with National key stakeholders, to meet the demands and challenges within the health care system and specifically within dementia care. The programme is firmly grounded in a body of knowledge and clinical expertise that aims to promote excellence in the area of dementia care practice. It is also designed to provide academically robust education for the students and the various modules offered develop and complement subjects undertaken at degree or 'equivalent' level.
             

              The programme offers an M.Sc./P.Grad.Dip. (exit only) with an optional practice component. Students must undertake six modules for the award of P.Grad.Dip. and seven modules and a dissertation (around 20,000 words) for the award of M.Sc."	September	Please see the university website for further information on fees for this course.	"MSc
            
            ,
            
             PGDip"	1 year full-time; 2 years part-time	Dublin	Ireland	On Campus	https://www.findamasters.com/masters-degrees/course/dementia-msc-pgdip/?i250d4607c55768
