Bioprocessing and Biotherapeutics MSc	Teesside University	Teesside University	Full time & Part time	"Biotechnology is a sector that promises extraordinary rewards from new drugs that address our medical needs and fight epidemics and rare diseases, to industrial processes that use renewable energy and crops that are able to grow in harsh climatic conditions and ensure safe and affordable food.
              


              You develop comprehensive knowledge and understanding of biosciences, expertise and skills in relation to biochemistry, manufacturing principles and laboratory practice required by the biotechnologies sector within an industrial context of biological products.
             

              You also have the unique opportunity participate in a research-intensive course, via a combination of taught modules and an in-depth research project, utilising the facilities of the University’s
              
               National Horizons Centre (NHC)
              
              ."	September	Please see the university website for further information on fees for this course.	MSc	1 Year Full Time / 2 Years Part Time	Middlesbrough	United Kingdom	On Campus	https://www.findamasters.com/masters-degrees/course/bioprocessing-and-biotherapeutics-msc/?i235d417c69274
