Culture and Society MSc	London School of Economics and Political Science	London School of Economics and Political Science	Full time & Part time	"Ask LSE
              


              The MSc Culture and Society gives you the opportunity to develop expertise in the social study of cultural processes. Its ethos emphasises tight integration of leading-edge cultural theory, innovative methodologies and attention to the most significant cultural trends and practices, globally and locally."	September	Please see the university website for further information on fees for this course.	MSc	12 months full-time, 24 months part-time	London	United Kingdom	On Campus	https://www.findamasters.com/masters-degrees/course/culture-and-society-msc/?i150d2363c10592
