Data Science and Analytics MSc	Brunel University London	Brunel University London	Full time & Part time	"Ask Brunel
               



              From social networks, ecommerce and government through to sensors, smart meters and mobile networks, data is being collected at an unprecedented speed and scale. But big data is of little use without 'big insight'. The skills required to develop such insight are in short supply and the shortage of skilled workers in the data analytics market is cited as a key barrier to unlocking everything that data has to offer."	September	Please see the university website for further information on fees for this course.	MSc	Full time: 1 year | Part time: 1-2 years	London	United Kingdom	On Campus	https://www.findamasters.com/masters-degrees/course/data-science-and-analytics-msc/?i28d2743c37224
