MSc Artificial Intelligence	University of Hull	University of Hull	Part time	"Start date: January 2024
              


              Keeping up isn’t enough. In AI, you need to be ahead of the game. Here, you’ll gain the digital skills and business acumen to thrive at the forefront of AI innovation.
             

              Businesses are in urgent need of AI specialists. This MSc will equip you with the vital technical skills, in-depth knowledge, and creative mindset to meet this demand right now, whilst paving the way for a rewarding, future-proofed career."	May, September	Please see the university website for further information on fees for this course. £8,250	MSc	2 years part time	Hull	United Kingdom	Online	https://www.findamasters.com/masters-degrees/course/msc-artificial-intelligence/?i315d8200c69334
