Dental Public Health MSc	University College London	University College London	Full time & Part time	"Register your interest in graduate study at UCL
               



              The internationally renowned Dental Public Health MSc at UCL offers a challenging and innovative programme of study. Based in the UCL Institute of Epidemiology and Health Care, a particular strength of the programme is the application of public health philosophy to dental public health issues.
             

              This internationally renowned MSc in Dental Public Health offers a challenging and innovative programme of study.
             

              ""The UCL Dental Public Health Master’s has an outstanding reputation. At international conferences around the world, I have met many dentists who have studied at UCL and been very impressed by their commitment to public health."" Prof. Sir Michael Marmot"	September	Full time - £11,800 Part time - £5,900	MSc	1 year full time, 2 years part time, 5 years flexible	London	United Kingdom	On Campus	https://www.findamasters.com/masters-degrees/course/dental-public-health-msc/?i274d6663c19964
