Corporate Communication & Public Affairs (PgCert/PgDip/MSc)	Robert Gordon University	Robert Gordon University	Full time & Part time	"This CIPR accredited course provides you with the practical skills and relevant academic knowledge to ensure you will be capable of operating in a strategic communication role on graduation.
             

              The course has been designed in close collaboration with leading practitioners and professional bodies to ensure it is relevant for today’s employers and industry. With a highly practical focus, you will have the opportunity to undertake four-weeks of professional industry experience in a real organisation, attend industry events, hear from professionals, take part in interactive workshops and visit media and communication organisations. This will ensure you will have both the theoretical and practical knowledge and skills to have a successful career in the industry."	September, January	Please see the university website for further information on fees for this course.	"PGDip
            
            ,
            
             PGCert
            
            ,
            
             MSc"	12-14 months full-time; 3 years part-time	Aberdeen	United Kingdom	On Campus	https://www.findamasters.com/masters-degrees/course/corporate-communication-and-public-affairs-pgcert-pgdip-msc/?i200d7566c6617
