Medical Engineering - MSc	University of Leeds	University of Leeds	Full time	"Medical engineering combines the design and problem-solving skills of engineering with medical and biological sciences to contribute to medical device solutions and interventions for a range of diseases and trauma.
              



               This exciting and challenging course will give you a broad knowledge base in this rapidly expanding field, as well as allowing you to specialise through a choice of optional modules.
              


              We emphasise the multidisciplinary nature of medical engineering and the current shift towards the interface between engineering and the life sciences. You could focus on tissue engineering, biomaterials or joint replacement technology among a host of other topics."	September	UK: £13,750 (Total) International: £31,000 (Total)	MSc	1 year full time	Leeds	United Kingdom	On Campus	https://www.findamasters.com/masters-degrees/course/medical-engineering-msc/?i321d1002c12330
