Contemporary History MSc	University of Edinburgh	University of Edinburgh	Full time & Part time	"Programme description
              


              Why has the end of the Cold War not inaugurated a more harmonious world order? Do we see the continuation of old rivalries or the birth of a fundamentally different world? Do we still live in a globalised world or are we facing nationalist retrenchment? Is liberal democracy in crisis? Is US power declining and being replaced by new leaders on the world stage?
             

              How will I learn?
             

              This MSc allows you to explore such questions critically and analytically while discovering how the recent past shaped the modern world. You will gain a comprehensive understanding of the increasingly global experience of humankind in the twentieth and twenty-first centuries."	September	Tuition fees vary between degree programmes. Find the specific fees for your chosen programme on our website	MSc	1 year full-time or 2 years part-time	Edinburgh	United Kingdom	On Campus	https://www.findamasters.com/masters-degrees/course/contemporary-history-msc/?i300d1349c25218
