Design and Urban Ecologies	The New School	The New School	Full time & Part time	"The 60-credit
              

                Master of Science in Design and Urban Ecologies
               

              program radically reframes the study of cities and urban design methodologies. By combining research, fieldwork, and participatory action, students gain a broad understanding of the complex forces that influence urban growth and development. In accordance with The New School’s historic commitment to social justice and design, students develop and implement innovative strategic projects that bring about real, transformative urban change."	September	Please see the university website for further information on fees for this course.	MSc	2 years	New York	USA	On Campus	https://www.findamasters.com/masters-degrees/course/design-and-urban-ecologies/?i1980d7841c51485
