Counselling and Psychotherapy (Professional Training) - MSc/PGDip	University of Salford	University of Salford	Part time	"During this course, you will undertake an in-depth study of the person-centred approach to counselling. You will gain an overview of therapeutic models and current developments in theory and practice. There will also be an opportunity for you to take part in intensive skills development and supervision of practice, alongside widespread opportunities for personal development. This course provides a balance between academic work, skills development, professional practice, and individual personal development and self-awareness.
             

              As a BACP accredited course, you are eligible to join the BACP professional register on completion of the Postgraduate Diploma."	September	Please see the university website for further information on fees for this course.	"PGDip
            
            ,
            
             MSc"	2-3 years Part-time	Manchester	United Kingdom	On Campus	https://www.findamasters.com/masters-degrees/course/counselling-and-psychotherapy-professional-training-msc-pgdip/?i347d663c15330
