Criminology and Psychopathology MSc	London Metropolitan University	London Metropolitan University	Full time & Part time	"Why study this course?
             

              On our Criminology and Psychopathology MSc course you will develop your understanding of a range of key psychological and criminological theories, practices and perspectives involved in crime and mental health.
             

              More about this course
             

              The aim of this course is to provide you with an up-to-date multidisciplinary scientific and academic knowledge of criminal behaviour within a mental health context, which is particularly useful if you wish to pursue a career in crime prevention and rehabilitation."	September	Please see the university website for further information on fees for this course.	MSc	Full-time 1 year, Part-time 2 years	London	United Kingdom	On Campus	https://www.findamasters.com/masters-degrees/course/criminology-and-psychopathology-msc/?i149d7553c63786
