DDM Economics and Economic Analysis	University of Groningen	University of Groningen	Full time	"How do you deal with problems and challenges of emerging economies from an applied perspective?
             

              In this double degree master with Universidad de Chile in Santiago, you will gain comprehensive knowledge of the economies, economic policies, strategies, theories and practices of Europe and Latin America.
             

              This programme is for students who want to broaden their view on important economic topics by bringing in a comparative perspective."	September	Please see the university website for further information on fees for this course.	MSc	18 months full time	Groningen	Netherlands	On Campus	https://www.findamasters.com/masters-degrees/course/ddm-economics-and-economic-analysis/?i1114d7097c37444
