Decolonial Thought and Social Theory - MSc	University of Leeds	University of Leeds	Full time	"The MSc in Decolonial Thought and Social Theory offers an exciting interdisciplinary focus for the study of decoloniality, as well as the various social and political problems it touches upon.
              



               By studying this course you’ll be able to critically understand issues and debates around the world concerning the contested legacies and continuities of colonialism. You’ll be equipped to do this from epistemological, socio-economic and geopolitical"	September	UK: £11,750 (Total) International: £24,500 (Total)	MSc	12 months	Leeds	United Kingdom	On Campus	https://www.findamasters.com/masters-degrees/course/decolonial-thought-and-social-theory-msc/?i321d5143c71074
