Crowded Places and Public Safety Management MSc	Coventry University	Coventry University	Full time & Part time	"From international sporting events and concerts to world-class retail and transport hubs,
              
               mass gatherings are increasing in scale and complexity
              
              . In the current global environment, the challenges of keeping people safe are greater than ever – whether that’s planning for international mega events or dealing with the impacts of social distancing.
             

              This course aims to provide you with the academic underpinning to analyse the features that make for best-practice planning, policy and process, so that you can go on to devise effective crowded places arrangements of your own. Graduates could work in a range of organisations with crowded places duties, including venue and stadia management, the uniformed services, private security management, and the live events, transport and retail sectors."	September	UK Fees: 2022/23 fees TBC*;2021/22 fees - 10400 | 4000 (Work placement option additional fee) International Fees: 2022/23 fees TBC*;2021/22 fees - 16600 | 4000 (Work placement option additional fee)	MSc	1 year full-time, 2-3 years part-time	Coventry	United Kingdom	On Campus	https://www.findamasters.com/masters-degrees/course/crowded-places-and-public-safety-management-msc/?i49d2694c58139
