Cyber Security (MSc)	University of Derby	University of Derby	Full time	"Take our MSc Cyber Security and become part of the next generation of leading IT security professionals, fully equipped to respond rapidly to risks and problems.
             

              Course description
             

              Cyber security is now recognised as one of the top global risks, with hacking, malicious code and data theft among some of the reasons why it is vital in the design, development, and implementation of IT systems. This is particularly important as internet users increase exponentially in emerging economies, more data is created and collected than ever before, and businesses find themselves increasingly reliant on online services, and in need of a strong cyber security culture."	September	Please see the university website for further information on fees for this course.	MSc	Full-time: 1 year	Derby	United Kingdom	On Campus	https://www.findamasters.com/masters-degrees/course/cyber-security-msc/?i295d7133c71258
