Co-operative & Social Enterprise (Online) MSc	University College Cork	University College Cork	Full time & Part time	"﻿
              
               Not on offer 2022/2023
              


              Course Outline
             

              If you are interested in pursuing or developing a professional or voluntary career in the co-operative or social enterprise field, the MSc in Co-operative and Social Enterprise is designed with you in mind. It is a part-time course taken over two calendar years.
             

              The main aims of this programme are:"	See Course	The EU fee for this course is €3,130 (Year 1 PT); €3,130 (Year 2 PT). The Non-EU fee for this course is €6,250.	MSc	1 year full time, 2 years part time	Cork	Ireland	Online	https://www.findamasters.com/masters-degrees/course/co-operative-and-social-enterprise-online-msc/?i271d7839c68511
