Data Analytics MSc (Distance Learning)	University of Huddersfield	University of Huddersfield	Part time	"Additional intakes: 26 Feb ’24 and 20 May ‘24
              



               Programme start date: February, May, September
              


              Our Master's Distance Learning course is designed to meet the demand for a new kind of IT specialist with the skills and knowledge in data science.
             

              With data science lauded as the answer to the COVID-19 recovery, organisations are planning to significantly increase their data science headcount this year. This is according to the latest research from Le Wagon, an educational leader in data science bootcamps.
             

              In order to address these demands, given the large amount of data collected by all kinds of organisations, the course aims to equip you with an understanding of:"	See Course	Please see the course webpage for further information.	MSc	2-3 years part-time	Huddersfield	United Kingdom	Online	https://www.findamasters.com/masters-degrees/course/data-analytics-msc-distance-learning/?i314d1148c69557
