Counselling MSc	University of Worcester	University of Worcester	Full time & Part time	"If you're passionate about therapeutic care, our Counselling MSc will bring you a step closer to a career in counselling or clinical psychology. You will strengthen your theoretical knowledge, debate issues and hone your research skills, all of which you can apply to your career in healthcare.
              


              The course will prepare you for a range of therapeutic occupations across the statutory, private and voluntary sectors.
             

              You have the option to study part-time, providing you with a flexible degree that can fit alongside your busy life. After you've completed the course, you'll be able to register for professional training or further study. Whatever your career interests may be, we will support you to become a confident and experienced counselling practitioner."	September	Please see the university website for further information on fees for this course.	MSc	1 year full-time. Up to 6 years part-time.	Worcester	United Kingdom	On Campus	https://www.findamasters.com/masters-degrees/course/counselling-msc/?i374d8234c41445
