Cyber Security - MSc	Cardiff University	Cardiff University	Full time & Part time	"Why study this course
             


               Address the key security issues that are faced by global communications and information systems and develop your practical skills through exposure to real-world problems and datasets.
              


              Our MSc Cyber Security addresses the key security issues that are faced by global communications and information systems."	September	For programme fees please visit our website: Full time - Please see the university website for further information on fees for this course. Part time - Please see the university website for further information on fees for this course.	MSc	1 year full time, 3 years part time	Cardiff	United Kingdom	On Campus	https://www.findamasters.com/masters-degrees/course/cyber-security-msc/?i33d4087c55440
