Biomedical Sciences MSc	University College London	University College London	Full time & Part time	"Register your interest in graduate study at UCL
               



              The Biomedical Sciences MSc provides opportunities for a broad learning experience in biomedical sciences and research training that will enhance students' ability to be competitive in the biomedical employment field, continue their learning if already in employment and/or develop a research career in this field."	September	Full time - £18,000 Part time - £9,000	MSc	1 year full time, 2 years part time	London	United Kingdom	On Campus	https://www.findamasters.com/masters-degrees/course/biomedical-sciences-msc/?i274d1837c20246
