Data Science - Master of Science (MS)	University of Colorado Boulder	University of Colorado Boulder	Full time	"The on-campus Master of Science in Data Science program focuses on developing knowledge and skills in interdisciplinary and collaborative data science competencies including statistical analysis, data structures and algorithms, data mining, machine learning, big data architecture and data visualization.
              


              Data science is a multidisciplinary field that focuses on the extraction of knowledge and insight from large datasets. Data scientists are tasked with using a range of skills in applied mathematics, statistics and computer science, and in domain applications such as information science, geography, business, media and the humanities."	See Course	Please see the university website for further information on fees for this course.	MSc	See Programme Description	Boulder	USA	On Campus	https://www.findamasters.com/masters-degrees/course/data-science-master-of-science-ms/?i512d8309c68346
