Desalination and Water Re-use MSc by Research	Swansea University	Swansea University	Full time & Part time	"Pressure is increasing on our limited water resources. With more people requiring clean water, effective solutions need to come from reusing water in the most efficient way.
             

              The Centre for Water Advanced Technologies and Environmental Research (CWATER) is an internationally leading centre of excellence for the development of advanced technologies in water treatment.
             

              CWATER's research areas, broadly speaking, fit into one of three categories:"	October, January	Please visit our website for the Desalination and Water Re-use course fee information.	"MSc
            
            ,
            
             Research Only"	1 year full-time; 2 years part-time	Swansea	United Kingdom	On Campus	https://www.findamasters.com/masters-degrees/course/desalination-and-water-re-use-msc-by-research/?i231d8819c32546
