Criminal Justice MS	Rochester Institute of Technology USA	Rochester Institute of Technology USA	Full time & Part time	"RIT’s master’s in criminal justice, is a dynamic degree where you’ll develop problem-solving and critical thinking skills as you engage in applied research that contributes to the creation and dissemination of criminal justice knowledge and policy analysis.
             



                Co-op/Internship Encouraged
               



              100%
              
               Outcome Rate of RIT Graduates from"	See Course	Please see the university website for further information on fees for this course.	MSc	See website for details	Rochester	USA	On Campus	https://www.findamasters.com/masters-degrees/course/criminal-justice-ms/?i693d7481c44202
