Data Science for Business MSc	University of Stirling	University of Stirling	Full time	"This exciting MSc Data Science for Business is the first in Scotland to be developed with input from SAS, a global leader in business analytics solutions; leading financial services organisation HSBC and The Data Lab to ensure it meets industry needs.
              


              The degree provides you with a deep understanding of the industrial and scientific relevance of advanced analytics and their application in strategic and operational decision-making while addressing the acknowledged shortage of business leaders and managers with a detailed working knowledge of data analytics. As a graduate you’ll have a highly sought-after blend of data analytics, business acumen and advanced management skills."	September, January	Please see the university website for further information on fees for this course.	"MSc
            
            ,
            
             PGDip
            
            ,
            
             PGCert"	12 Months	Stirling	United Kingdom	On Campus	https://www.findamasters.com/masters-degrees/course/data-science-for-business-msc/?i352d8075c42423
