Data Science MSc	University of Edinburgh	University of Edinburgh	Full time & Part time	"Programme Description
             

              Data science is the study of the computational principles, methods, and systems for extracting and structuring knowledge from data; and the application and use of those principles. Large data sets are now generated by almost every activity in science, society, and commerce - ranging from molecular biology to social media, from sustainable energy to health care.
             

              As an MSc Data Science student, you will explore how to efficiently find patterns in these vast streams of data. Many research areas have tackled parts of this problem:"	September	Tuition fees vary between degree programmes. Find the specific fees for your chosen programme on our website.	MSc	1 year full-time, 2-3 years part-time	Edinburgh	United Kingdom	Online	https://www.findamasters.com/masters-degrees/course/data-science-msc/?i300d1317c37774
