Microbiome in Health & Disease MSc	King’s College London	King’s College London	Full time	"Our Microbiome in Health & Disease MSc provides students with a unique background in all aspects of both analysis of microbiome and determining the role of microbiome in pathology with experience in both computational and experimental techniques.
              



               Designed and delivered by the Centre for Host-Microbiome Interactions (CHMI) at King's, the course brings together teaching in systems biology and bioinformatics with molecular biology, microbiology, immunology and"	September	Please see the university website for further information on fees for this course.	MSc	Full-time: 1 year	London	United Kingdom	On Campus	https://www.findamasters.com/masters-degrees/course/microbiome-in-health-and-disease-msc/?i132d2850c50276
