Data Science - MSc	University of Roehampton	University of Roehampton	Full time & Part time	"As technology advances, the ability to generate, capture and analyse data from a range of sources and for a range of applications is vital across numerous industries. Our MSc Data Science is designed to ensure you can apply critical mathematical thinking to various kinds of data, meaning that the degree will be of value in financial, social, policy and commercial settings in the world of work.
              


              The programme will cover data analysis, machine learning, and visualisation, as well as the necessary technical skills to thrive in industry. You will also be equipped with the skills needed to stay abreast of changes in the field and to work in ways that are commercially, ethically, and legally appropriate."	September	Please see the university website for further information on fees for this course.	MSc	1 Year Full Time / 2 Years Part Time	London	United Kingdom	United Kingdom	https://www.findamasters.com/masters-degrees/course/data-science-msc/?i201d5834c67410
