MSc Business with Finance	University of Essex Online	University of Essex Online	Part time	"Start Date: October
              


              Develop advanced business and financial skills while exploring the very latest theories and practices of modern business environments. Whether your goal is to work at a senior level at a private, public or non-profit making organisation, our MSc Business with Finance will make your CV stand out from the crowd.
             

              Develop a range of subject-specific and transferable skills on our MSc Business and Finance postgraduate degree programme. This advanced MSc Business with Finance course covers a wide range of challenging and thought-provoking topics including economics for managers, financial decision-making, research methods and many more."	September, October	£11,836 UK and International (2022-23) £12,167 UK / £12,428 International (2023-24) Our MSc Business with Finance course fees are fully inclusive – all teaching materials and required reading are included, and there are no hidden charges for assessments or resits.	MSc	24 months	Colchester	United Kingdom	Online	https://www.findamasters.com/masters-degrees/course/msc-business-with-finance/?i1268d6475c49926
