Cybercrime Investigation - MSc	University of Central Lancashire	University of Central Lancashire	Full time & Part time	"Cybercrime is a relatively new and growing area for both civil and criminal investigation. Our MSc in Cybercrime Investigation has been developed by law enforcement practitioners to enhance knowledge and practical skills in the areas of behavioural psychology, criminal investigation and the technical aspects of obtaining computer-based evidence.
             

              Aimed at personal professional development for current investigators in the criminal and private sector and as a natural progression for graduates in Computer Forensics, Psychology or Policing.
             

              Modules include Research Skills, Behavioural Dynamics of Cybercrime, Digital Forensic Technology, Open Source Internet Investigation, Policing of cybercrime, and a research project for your dissertation."	September	Please see the university website for further information on fees for this course.	MSc	1 year full-time. 3 years part-time.	Preston	United Kingdom	On Campus	https://www.findamasters.com/masters-degrees/course/cybercrime-investigation-msc/?i291d3398c62785
