Critical Care (Online Learning) MSc, PgDip, PgCert	University of Edinburgh	University of Edinburgh	Part time	"Programme description
             

              The MSc Critical Care Programme is aimed at anyone driven by a desire to improve outcomes for Critically Ill adults. Our tutors, students and approach reflect the multidisciplinary nature of critical care and the clinical, academic, and professional themes that run through the programme aim to develop healthcare professionals who question, lead, and motivate others to achieve the best care for their patients. The programme has been designed and developed in partnership between the University of Edinburgh and the Royal College of Physicians of Edinburgh. We have designed the MSc Critical Care (online) programme for health care professionals who encounter critically ill adults in their daily practice. These professionals include:"	September	Tuition fees vary between degree programmes. Find the specific fees for your chosen programme on our website.	"MSc
            
            ,
            
             PGCert
            
            ,
            
             PGDip"	MSc; 3 years part-time, PgDip; 2 years part-time, PgCert; 1 year part-time	Edinburgh	United Kingdom	Online	https://www.findamasters.com/masters-degrees/course/critical-care-online-learning-msc-pgdip-pgcert/?i300d4341c54970
