Countering Extremist Crime and Terrorism MSc	University College London	University College London	Full time & Part time	"Register your interest in graduate study at UCL
               



              This MSc, designed by a panel of academic departments, industrial partners and law enforcement and security agencies, introduces students to the fundamental knowledge, core expertise and advanced, evidence-driven methodological tools and approaches required to understand, analyse, prevent, disrupt and detect extremist crime and terrorism."	September	Please see the university website for further information on fees for this course.	MSc	1 year full time, 5 years flexible	London	United Kingdom	On Campus	https://www.findamasters.com/masters-degrees/course/countering-extremist-crime-and-terrorism-msc/?i274d5242c20026
