Data and Decision Analytics MSc	University of Southampton	University of Southampton	Full time & Part time	"Develop the analytic and professional skills for success in the data science on this Data & Decision Analytics MSc. You’ll learn advanced level mathematical modelling, statistical analysis, and computation.
              


              This UK master’s course will give you the skills and knowledge to make better decisions based on data. There is also a strong focus on real work experience, with opportunities for summer projects in a range of industries.
             

              Through this degree you’ll learn:"	September	Please see the university website for further information on fees for this course.	MSc	1 year full time / 27 months part time	Southampton	United Kingdom	On Campus	https://www.findamasters.com/masters-degrees/course/data-and-decision-analytics-msc/?i349d6917c53634
