Counterterrorism (MSc)	Cranfield University	Cranfield University	Full time & Part time	"The course is designed to provide students with an understanding of how traditional and advanced techniques in counterterrorism in the forensic context.
             

              Never before in history have the issues of what causes terrorism, how to combat it, and how to assess and manage the risks associated with it, attracted such wide international attention and controversy. The need for accessible, comprehensive and reliable research and education on terrorism and counterterrorism remains profound. This new MSc addresses those needs drawing on
              
               Cranfield’s
              
              expert staff and unique facilities to offer students an exceptional and cutting edge programme in this critical area."	October	MSc Full-time £11,330 MSc Part-time £11,330 PgDip Full-time £9,075 PgDip Part-time £9,075 PgCert Full-time £5,665 PgCert Part-time £5,665	"PGDip
            
            ,
            
             PGCert
            
            ,
            
             MSc"	Full-time: MSc 11 months, PgDip and PgCert 1 year. Part-time: 2 years (PgDip and PgCert) or 3 years (MSc).or details	Bedford	United Kingdom	On Campus	https://www.findamasters.com/masters-degrees/course/counterterrorism-msc/?i50d8486c56436
