Data Science and Artificial Intelligence - MSc	University of Suffolk	University of Suffolk	Full time & Part time	"The MSc Data Science and Artificial Intelligence is a postgraduate conversion degree. It is a partnership between us and you – we will give you the opportunities to gain deep knowledge, practical skills and meaningful expertise in data science and artificial intelligence, you bring enthusiasm, determination and a willingness to learn and make the most of the opportunities.
             

              Introduction
             

              The MSc Data Science and Artificial Intelligence is a postgraduate conversion degree. It is a partnership between us and you – we will give you the opportunities to gain deep knowledge, practical skills and meaningful expertise in data science and artificial intelligence, you bring enthusiasm, determination and a willingness to learn and make the most of the opportunities."	September	UK full-time tuition fee: £8,748 p.a. UK part-time tuition fee: £972 per 20 credits (please contact the Student Centre for further information) International tuition fee: £13,995 p.a.	MSc	1 year full-time, 2 years part-time	Ipswich	United Kingdom	On Campus	https://www.findamasters.com/masters-degrees/course/data-science-and-artificial-intelligence-msc/?i954d6051c62304
