Corporate Finance and Law	Aberdeen University	Aberdeen University	Full time & Part time	"With both an LLM and MSc exit qualification available, this programme is delivered jointly by the University of Aberdeen's School of Law and Business School, and will provide students with an interdisciplinary learning experience in Finance and Law.
             

              With both an LLM and MSc exit qualification available, this is a unique opportunity to benefit from the expertise of staff from both the School of Law and the Business School. This programme has a practical and commercial focus and will appeal to those employed in or with an interest in commercial and professional services, within the legal and financial communities."	September	Find out about fees: Please see the university website for further information on fees for this course.	"LLM
            
            ,
            
             MSc"	12 Months Full Time 24 Months Part Time	Aberdeen	United Kingdom	On Campus	https://www.findamasters.com/masters-degrees/course/corporate-finance-and-law/?i2d4464c63987
