Construction Project Management MSc	University of Portsmouth	University of Portsmouth	Full time & Part time	"Overview
             

              Establish yourself in the global construction sector with a Master's that trains you to handle challenges within the industry, then to change and improve the industry itself.
             

              On this accredited MSc Construction Project Management, you'll build the professional skills you need to tackle the technical, organisational, commercial, legal and financial issues that arise across the construction sector. You'll work with lecturers who contribute to current projects in the industry, looking at construction projects from the client side and the contractor side, and you'll be digging into the social, economic and environmental issues that can affect large-scale construction projects."	September, January	Please see the university website for further information on fees for this course.	MSc	1 year full time, 2 years part time	Portsmouth	United Kingdom	On Campus	https://www.findamasters.com/masters-degrees/course/construction-project-management-msc/?i343d740c12422
