Bioprocessing MSc (Online)	University of Limerick	University of Limerick	Full time	"The MSc in Bioprocessing (online) explores the fundamental science behind bioprocessing ranging from molecular biology to downstream processing in the manufacture of pharmaceuticals.
             

              The course will equip students with the latest research advances including data analytics, predictive modelling and new methods to manufacture protein products beyond conventional bacterial and cell culture-based methods.
             

              Overview
             

              The MSc is a one year full time (fully online) programme which is delivered through a combination of lectures and tutorials, interactive group and one-on-one sessions, and research project work."	See Course	Please see the university website for further information on fees for this course.	MSc	1 year full time	Limerick	Ireland	Online	https://www.findamasters.com/masters-degrees/course/bioprocessing-msc-online/?i324d4571c62626
