Data Analytics for Government - MSc	Cardiff University	Cardiff University	Full time	"Why study this course
             


               Develop your theoretical understanding, practical experience of data science and analytics with a specific focus on the application of data analytics within government and public"	September	For programme fees please visit our website: Please see the university website for further information on fees for this course.	MSc	1 year full time	Cardiff	United Kingdom	On Campus	https://www.findamasters.com/masters-degrees/course/data-analytics-for-government-msc/?i33d4087c63516
