Criminology and Criminal Psychology-MSC	Canterbury Christ Church University	Canterbury Christ Church University		"Overview
             


               This is a multidisciplinary Master’s degree that will facilitate an informed understanding of crime from different perspectives within social and psychological"	September	Full time UK £8,655 Overseas £14,500 Part-time UK £4,330	MSc	1 year full time, 2 years part time	Canterbury	United Kingdom	On Campus	https://www.findamasters.com/masters-degrees/course/criminology-and-criminal-psychology-msc/?i32d2710c71543
