Control of Infectious Diseases (MSc)	London School of Hygiene & Tropical Medicine	London School of Hygiene & Tropical Medicine	Full time & Part time	"The programme
             

              This is a multidisciplinary programme that bridges the fields of epidemiology, laboratory sciences and public health in the context of disease control. It includes a strong practical component and the opportunity to undertake a research project overseas with collaborating public health or research organisations and NGOs. The programme trains students in all aspects of the control of infectious diseases and prepares them for a career in a range of organisations.
             

              This programme will equip students with specialised skills that will facilitate a career in the control of infectious diseases as staff of health ministries, health departments, national or international disease control agencies, aid organisations or universities."	September	Please see the university website for further information on fees for this course.	MSc	1 year full-time; 2 years part-time	London	United Kingdom	On Campus	https://www.findamasters.com/masters-degrees/course/control-of-infectious-diseases-msc/?i151d2334c423
