MSc Advanced Computer Science	University of Sheffield	University of Sheffield	Full time	"This MSc keeps you at the cutting edge of developments in computer science and software engineering. You'll have a diverse range of modules to choose from, which are informed by the department's wide-ranging research interests.
              


              Turn your fascination with how things work into a successful career in business or industry. We’ll give you an advanced education in the most up-to-date aspects of computer science and software engineering, informed by our wide-ranging research interests. Innovative project work will teach you how to apply your knowledge in the real world."	September	Please see the university website for further information on fees for this course.	MSc	1 year full-time	Sheffield	United Kingdom	On Campus	https://www.findamasters.com/masters-degrees/course/msc-advanced-computer-science/?i348d602c7468
